Experience,Salary
6,39100
19,85864
14,70708
10,68916
7,58165
20,94439
6,57907
18,85750
10,59781
10,54995
20,97885
3,40986
7,53510
2,45464
20,89268
1,23502
11,62531
5,43009
1,40007
20,91542
0,37434
11,70713
11,66435
16,72114
9,60568
15,68367
14,70095
14,67141
18,77951
11,67887
19,78573
2,39359
4,51018
18,76768
6,43302
20,93746
8,45211
6,53445
17,86815
3,30160
13,66041
17,89767
8,54846
20,85876
1,42924
19,89889
14,75882
6,52738
11,54095
7,46901
14,70215
2,38911
13,73123
16,69079
3,41510
17,90231
7,59344
3,30473
1,27888
5,39979
9,48212
3,38001
17,84248
11,53419
1,38608
9,50659
3,34283
13,69715
15,81165
14,63340
7,55805
13,69584
7,55780
20,85137
15,82745
12,56591
17,71526
14,69855
20,90695
12,57292
8,62038
14,78571
12,75142
0,28625
6,44431
8,59926
0,31704
11,53437
7,51780
10,67216
18,82988
16,76953
7,46794
2,29574
2,42301
0,20684
4,36233
9,63961
6,50997
8,52007
6,54611
8,46328
7,60115
11,62019
1,39814
0,29255
15,83093
4,37782
2,27234
11,58205
7,42420
2,43152
0,29596
2,45488
4,36355
14,81689
13,76922
2,43715
0,28261
4,45765
13,64944
6,45126
8,60864
14,67263
14,77300
9,49793
12,58892
18,75198
6,56756
16,86276
19,78883
3,29797
4,40209
6,46235
12,72538
14,77257
10,58050
3,34947
12,65617
6,39892
18,77424
1,32450
9,60418
12,58015
20,84833
5,44894
11,68942
11,62065
19,77565
10,57412
6,56402
0,30077
0,30315
19,89834
12,58314
8,48412
2,29883
6,49384
5,45051
7,49216
8,55695
4,39902
0,33187
18,91573
9,59288
11,67210
14,68884
8,63541
19,87559
16,86125
16,71688
19,91114
11,58369
6,49938
1,27023
2,41982
16,85100
4,35967
16,75423
16,74450
16,80213
1,26215
1,23390
4,51421
0,20232
0,39515
18,81634
1,34498
20,90916
11,53233
5,36391
3,40084
10,59447
16,82184
5,46882
4,46838
19,94273
1,30902
5,47879
10,67129
15,74911
15,65427
0,20731
8,44799
5,42025
15,79481
2,33624
19,91961
3,47922
18,82232
2,29367
18,87262
19,82229
6,56799
19,90747
8,63333
0,24261
7,44466
6,51785
17,74088
7,54015
0,21115
10,54578
17,73590
9,54372
2,29573
6,40978
15,75639
15,74422
19,87858
16,72975
1,27925
0,30786
15,84814
11,67716
4,33995
4,45844
8,47891
8,59522
2,33145
18,82498
15,74554
15,67102
2,29030
19,85524
0,28107
19,93626
10,68268
16,82935
7,50624
3,44823
5,42863
7,44109
19,95570
2,38482
15,66550
2,26646
17,84407
13,71700
17,71537
1,37166
2,32572
15,65234
8,58067
3,38696
0,34150
3,46758
0,21909
13,71150
20,80080
15,67083
19,90378
7,56217
6,56074
2,43140
16,70670
0,23751
15,76744
11,58261
18,88691
13,65852
5,36494
5,52285
12,56672
18,82630
7,51268
1,23444
20,89157
0,31982
14,70655
0,38582
4,34287
15,76957
18,78008
3,40696
2,35104
16,68496
16,69463
11,65459
13,75877
20,97810
5,44884
2,44177
8,46723
4,49042
16,72761
13,66630
20,96375
2,34741
0,24350
19,77207
20,84190
0,21883
2,28886
17,87861
9,55953
2,34381
7,54795
13,76139
17,80638
14,66931
1,32855
9,52724
1,35420
16,72060
7,45765
0,39996
8,50553
10,57378
15,83073
6,55700
9,54130
2,29186
17,76789
12,72122
6,55529
3,36942
12,63548
19,93944
0,38296
7,59248
13,59296
15,67409
13,60461
11,55268
18,91378
14,68554
1,39391
1,41899
18,91801
16,86700
19,84358
9,64671
5,52502
14,69637
10,50660
4,40907
0,26922
7,52953
20,98913
11,56970
11,56407
4,41046
6,52547
3,33760
5,53281
12,69465
19,81087
14,69607
2,30019
7,41815
19,89563
15,78292
12,72158
17,71922
9,59929
18,88925
16,85648
18,84979
4,34722
20,85355
8,57301
11,55550
20,91141
0,38057
0,31284
14,80050
1,24384
15,73252
7,48238
12,62026
20,90482
0,33801
15,81120
6,53580
4,40664
2,43342
11,53493
15,81465
18,80999
4,45833
13,61970
4,32011
14,77551
16,85145
13,62185
19,93409
4,33806
11,58664
15,79126
15,77894
20,85154
6,51767
3,44226
0,21525
4,32760
9,63978
4,45880
3,30055
1,33046
19,80083
9,62678
18,86108
0,29650
4,37957
12,61255
3,38411
15,81344
15,74691
1,41214
16,71395
19,78203
11,72194
17,90476
2,29044
0,27272
0,23514
18,83990
10,56192
4,42767
11,69528
2,33507
0,24857
0,32118
7,58761
9,50146
10,67177
11,58756
12,60414
11,70494
13,62937
1,26963
18,79897
17,79974
2,40377
16,85500
7,57056
9,48750
1,27027
18,85528
8,49745
6,47679
3,34938
20,92150
17,84406
12,75781
10,67743
3,33853
20,98325
3,32148
9,63243
4,39933
8,53436
2,43669
16,74474
2,40679
15,76228
3,29770
17,72843
16,68073
6,56044
4,48059
11,61000
16,81273
12,72121
2,26331
8,61805
16,75512
16,72931
19,89742
15,78426
12,61113
18,82419
16,70881
3,42145
11,66556
8,63249
18,76575
11,65714
8,50185
6,46656
13,64741
19,93661
18,74065
14,66262
15,70704
20,95355
4,40594
2,38175
11,65696
19,83255
20,87441
3,43986
20,93350
15,79440
6,45960
12,73821
20,99762
9,60665
6,44629
13,72828
4,36541
2,33876
10,63311
10,64588
17,87648
14,74380
11,62877
8,61818
9,52097
11,71044
16,86738
5,41461
6,45044
13,64497
12,69751
7,50304
9,57426
8,55058
17,82260
1,41563
4,32634
4,42057
5,48345
18,84147
7,59602
15,66389
12,69071
0,31322
19,81276
16,80306
6,39249
12,73629
3,37245
3,40102
5,51226
18,84588
11,53442
6,44976
9,51675
18,85803
6,45953
2,30377
12,66599
12,63058
17,88206
19,88894
7,43939
8,45031
6,48208
0,20562
2,36730
12,72724
16,84152
0,33998
5,53680
20,96618
5,44308
11,62609
12,73675
12,64720
14,72172
20,94457
15,67939
20,94345
10,66158
4,37435
3,34392
2,33972
18,91617
19,96184
17,85799
14,81159
8,59052
16,74044
13,78871
14,76415
0,37274
20,93858
2,43572
15,70644
10,67124
11,70753
9,65384
15,82855
7,58920
5,51702
11,58153
20,81894
7,48991
3,44439
7,50467
17,76935
4,49107
8,46329
3,38327
16,70770
8,48846
0,36651
20,96276
19,91633
12,69628
15,65569
12,57973
13,61822
2,26270
5,51320
17,78641
18,82930
4,38680
14,63257
1,31250
9,52370
17,75858
12,64581
4,45491
0,32436
0,32870
17,87504
14,68908
16,78844
10,68687
20,84861
16,70911
12,64991
0,31572
1,33298
8,51236
2,31565
0,37493
20,86929
15,82634
5,53033
16,75351
4,51340
4,46901
5,45638
2,31828
20,91556
4,50099
20,88150
4,42107
9,66867
9,48757
18,92193
16,79199
20,96295
13,71807
8,61535
13,64492
0,26302
18,89929
12,60747
12,70238
3,37402
0,30686
16,72681
7,59891
1,42347
7,44428
6,45494
1,26955
2,40026
17,80244
11,53713
0,31080
11,61521
4,33746
16,85591
15,82168
14,64696
14,74012
4,46688
20,85036
13,66127
1,26718
10,57910
18,76693
6,55009
5,50858
1,38932
5,42692
17,77398
1,30252
17,82721
14,79939
18,85825
1,27187
19,77036
5,53171
0,26283
14,77202
9,55060
18,82065
16,71880
4,37932
3,37328
9,53333
16,81870
9,58268
16,73067
19,92616
4,44075
1,40045
5,42973
20,90002
1,30887
12,56414
10,56850
10,52729
15,76929
10,64988
18,77897
14,64169
15,78563
10,68262
15,77888
7,45570
3,30515
7,57958
3,41634
2,45251
2,39798
17,90928
18,78477
18,90455
20,99364
4,41551
17,85179
9,47039
20,90222
5,51116
0,38284
4,50601
8,60049
11,57796
13,63606
1,40667
16,76775
13,73864
12,70193
8,58676
14,72457
14,79199
10,66044
15,80066
16,86895
3,29246
0,26516
7,57800
16,81342
2,42491
19,86030
14,63421
14,74970
13,66283
13,74945
1,23255
12,67019
13,74487
18,83029
6,57346
2,28282
14,70744
13,76861
10,59919
14,75335
12,56591
17,77277
5,37260
2,37139
18,74347
14,66443
4,43088
9,55774
6,44869
16,87422
6,40845
11,65386
16,69265
12,68445
19,89938
3,40159
9,49274
2,44854
8,54482
12,74961
17,72068
14,76706
3,34974
14,72928
1,24950
14,81477
7,51411
7,54388
16,85771
11,57274
18,76285
9,66590
8,63308
4,39045
5,36618
19,87979
1,31562
12,68026
5,42843
4,41895
0,31966
20,97732
20,85289
5,53806
5,53812
15,68033
3,37860
10,57813
8,61798
2,39860
18,88294
7,44621
4,49138
3,31347
5,49882
1,40110
19,81923
10,69033
3,44611
14,77367
5,54199
16,77066
5,38279
18,93368
1,26807
14,75965
10,66123
7,57991
18,74634
12,68771
11,70458
4,50298
5,49340
3,29588
18,77231
19,83351
0,23838
19,78973
16,82346
11,58044
14,72247
0,31672
13,69271
5,41683
4,43244
10,56783
3,34594
12,59822
10,53389
2,31914
0,38164
5,38688
17,85683
9,60080
4,41916
9,52037
11,66453
1,31640
12,56081
7,47278
1,39078
19,92536
0,37790
4,39410
8,59926
16,83500
8,45480
10,59271
14,65598
5,50032
2,33993
16,78895
4,47367
11,60644
17,82948
13,77142
20,82599
10,55813
8,47853
1,41676
11,54501
2,34422
2,33550
0,24250
7,47991
7,57498
10,54406
8,62731
4,33041
13,65927
2,42395
20,87871
4,38375
4,35676
18,87017
13,62065
3,31036
12,59046
9,63924
17,71076
7,60451
7,56880
6,54407
7,58059
13,63267
18,79988
5,43680
0,21485
14,76713
0,22419
16,83312
0,23495
14,79140
1,33716
13,71442
20,98163
7,53961
7,51307
18,80487
6,47664
18,90360
5,51642
5,39075
2,43502
6,53285
18,81631
7,44017
9,65042
19,95181
14,62784
14,67691
0,35765
19,80196
6,47552
3,37532
5,51946
0,24746
4,34999
0,37577
3,40302
1,39452
9,62595
4,50812
9,53200
0,25396
5,48410
12,69203
14,65598
3,39564
12,68748
19,93957
14,69636
7,58862
4,42265
14,71705
3,43298
11,71580
12,65703
1,36336
18,82166
18,90116
3,35050
3,40184
10,62712
4,40484
19,79593
10,60315
9,62200
7,50107
5,38869
5,50447
7,48971
14,64989
13,64340
10,59643
11,56823
12,69454
7,44932
17,81220
0,28554
14,64429
7,48444
10,60510
11,64277
11,63537
3,36147
15,72631
3,32598
4,36329
4,38718
7,50923
9,60782
16,84476
8,44051
18,90702
13,69184
7,53468
8,59479
10,57210
0,32934
13,62956
4,38057
20,91210
13,73590
3,42864
0,21525
18,87277
7,48043
14,79662
20,88705
14,68125
8,51874
20,92529
8,58955
9,49500
19,80464
20,98643
8,59954
2,45043
19,77255
10,51502
5,39656
1,33302
6,43430
17,79598
1,42560
16,83976
10,51860
11,59158
18,79806
6,55106
19,86474
5,51997
20,99715
0,25790
16,87500
10,60170
17,80004
20,89978
16,84714
6,56596
16,75232
19,89674
8,60052
16,83774
19,82913
7,55102
16,83389
6,48567
0,25611
12,65432
18,74319
18,86686
16,72791
12,56329
15,73851
7,52310
18,84164
17,89177
0,25703
13,69649
18,86672
14,66155
17,73611
1,41977
16,84479
17,80180
5,44304
18,88610
3,37437
0,30350
7,53521
6,57733
2,32560
9,52247
9,51077
18,84858
13,70391
1,33946
0,35186
17,72417
6,54494
7,49954
0,33591
2,33391
7,52364
14,72371
4,34504
2,31239
18,90676
0,38118
14,67120
7,47393
1,25196
2,29466
13,60906
13,77105
10,61883
15,80437
3,43497
19,78816
4,42713
20,83849
13,65849
15,66058
17,82730
6,56706
9,64332
6,42359
0,32809
20,85660
18,81254
15,77822
18,76093
3,40730
17,88947
1,31217
0,36558
14,79718
4,48705
19,89342
10,62239
9,60854
1,36897
2,37419
11,63064
19,92003
4,42259
4,37674
5,40002
8,44910
1,23949
20,98898
11,64523
2,37221
19,93484
11,57646
16,74945
9,49400
13,70563
16,86727
17,71352
18,93339
16,83489
13,60018
8,61563
7,46193
1,38701
12,59536
6,53449
8,55842
10,68886
13,62819
3,46363
12,56976
1,41664
4,37897
10,65957
5,50359
17,84240
20,80107
9,62524
3,30626
8,50229
5,41877
1,23874
16,73543
4,35809
5,45603
11,55107
20,91745
9,56465
20,80559
5,43308
7,56250
1,36255
11,56046
12,69856
20,96427
6,38508
9,53107
12,69476
16,71439
20,93136
13,73167
1,40300
10,67182
0,24971
18,92144
20,99659
3,44883
18,74818
20,90360
10,61927
7,57023
10,53065
3,32259
16,85290
6,50300
7,41602
2,30295
1,32983
14,65527
4,33811
0,32103
3,38032
14,74877
19,84963
18,89224
2,34916
19,83766
10,67186
16,86966
12,57665
10,65932
1,29975
8,46552
1,36219
20,94274
8,56612
8,46808
7,52090
16,80260
0,35295
10,64837
7,55669
9,57523
6,50762
2,39769
2,39731
17,82877
4,34456
11,58423
11,67246
18,86846
5,39317
1,40940
11,71589
18,86635
4,45470
11,66176
16,77113
16,81546
9,53805
16,84788
14,80004
11,72336
15,73080
18,77118
7,47630
20,80565
16,83701
4,46859
15,72670
5,54252
7,50476
17,79776
11,68021
14,66327
8,59275
12,63614
14,63245
9,55243
15,75355
6,38537
16,83924
20,96236
6,54924
13,76198
14,63415
20,91030
6,39652
8,54857
18,92740
15,68810
7,57569
17,72551
17,84584
19,77761
6,50511
2,35471
17,83467
9,53163
6,54065
16,79886
13,78665
2,43920
11,59201
12,75548
1,38580
2,45154
4,39399
10,69819
7,57945
11,60623
6,48327
14,69187
16,70180
3,30960
12,61153
17,78035
0,31471
15,84654
12,56582
9,62514
11,68531
1,39672
2,33979
9,50060
1,36731
12,68294
12,73567
17,85274
2,43830
6,54348
13,60903
19,91551
16,83141
20,82377
11,53847
15,79380
11,70623
14,71524
9,62231
6,49698
19,87571
4,44314
0,31429
16,70365
2,36604
12,67366
13,64055
17,76622
3,45756
17,78783
4,33949
15,81628
0,30032
20,91619
13,75508
14,74824
8,54945
14,63919
16,77827
3,38617
11,62732
4,32530
4,39849
10,56929
5,39349
6,52456
13,70295
10,68185
12,61156
1,32228
6,49920
19,84432
3,41203
7,47189
19,78142
20,87614
18,88253
12,74013
13,76146
9,53905
10,54889
1,27839
8,47957
16,68557
2,30621
5,49932
4,32839
4,41243
14,71596
16,74998
8,54129
2,26510
19,88596
16,80974
9,48137
2,39700
17,75666
17,79906
16,78478
2,28654
2,26990
5,37160
12,71136
14,72336
8,58269
3,45206
13,61063
4,42795
1,41361
10,58567
8,52933
2,45051
8,59619
2,30919
1,34741
11,61798
9,63927
8,58566
14,62883
7,50415
4,43085
10,65008
1,41452
14,70120
5,42820
7,52901
4,50170
15,81259
17,80649
5,43269
4,43805
15,82692
12,66379
4,40744
12,69285
16,76473
17,81679
7,55605
12,66985
18,86391
2,30861
7,60160
1,24596
7,57863
12,75696
12,66155
0,27919
5,45334
18,88628
15,67072
7,50487
0,25624
15,65938
8,52176
12,56761
10,62941
12,57669
20,87128
9,66069
3,41091
5,53315
6,45308
4,33126
10,56021
12,62437
18,81039
9,64587
9,51135
10,65111
20,91964
6,46711
17,78904
3,31283
1,25477
13,62093
12,63207
11,62394
6,52841
1,29227
12,69280
13,62535
16,78582
8,46913
16,70340
7,46289
1,23597
12,71025
2,33145
15,67902
5,43955
18,81694
6,42830
9,56834
8,54489
1,38768
14,72364
4,34160
3,42268
19,91485
3,31922
17,74804
3,31368
16,83157
11,61093
16,71932
9,58552
0,25608
17,83899
17,80292
13,68862
14,67531
11,63412
3,35344
2,42759
19,84887
11,70993
6,54158
10,69323
0,37997
5,38679
14,69540
14,71488
18,81074
10,53996
1,28695
13,73235
1,25366
3,43164
16,74764
2,41527
12,72292
8,45614
6,52396
14,80800
10,66880
19,93888
1,28733
14,65216
13,63364
19,89269
10,67861
2,39829
16,72960
11,71781
20,88301
14,70841
15,72730
4,49883
19,93979
5,35978
18,74730
4,32056
2,28243
0,21701
5,52670
14,70303
1,38100
2,38998
16,77393
11,53947
17,77553
14,62757
11,67866
15,76580
7,46651
13,66273
16,78033
20,83535
7,59677
14,79488
13,67853
17,71908
19,81617
6,48048
2,28311
11,69020
20,97173
2,39585
19,91017
13,75555
14,74552
13,72337
6,39885
16,69049
11,63503
19,78161
3,29815
8,47766
5,38239
15,78942
20,88272
20,99188
1,23869
7,46526
10,57741
12,60694
16,69934
7,58087
20,96318
17,89907
17,90023
13,65159
14,77719
5,47993
10,63813
12,57164
0,20619
5,42982
8,47066
7,49638
10,52337
18,79594
8,46460
16,74820
11,56442
13,75191
14,81095
15,81326
19,87529
0,37675
9,57390
7,55030
17,76374
0,33142
1,42039
0,32204
0,27394
8,61088
12,56825
0,29196
12,67652
19,93760
6,38972
1,34268
5,35443
6,38754
13,75023
17,81363
14,72897
1,28396
9,50465
11,55711
16,86791
7,46747
10,68107
2,27919
5,52302
8,57473
5,51965
8,58235
6,53710
8,58434
17,84478
11,56881
7,42999
7,55849
17,81903
19,93784
14,76700
6,43445
10,52628
19,95040
15,82004
3,29246
5,40212
2,29339
8,63394
9,49368
13,71186
10,51839
17,90287
11,59205
11,57395
12,71290
12,59691
18,81470
18,77841
13,63348
3,46776
12,62060
7,56525
20,84300
18,77338
11,58487
17,74514
5,52143
17,82280
18,84307
4,41915
8,55158
2,34621
9,57547
18,87485
2,28459
14,67273
0,38102
6,47457
11,58423
16,85692
20,97434
19,82479
4,47419
3,31249
11,55809
19,79921
17,75676
16,70417
18,90916
8,57463
3,37167
20,81469
1,30292
3,35931
1,42808
14,63091
1,39363
3,29260
5,45456
6,51435
9,56377
18,89813
18,78301
11,60207
2,42476
12,64556
17,84795
7,47125
20,81924
14,81479
0,26683
2,44922
7,59660
3,42331
15,74945
9,64294
11,53306
13,63231
13,65028
1,35207
4,38658
4,38336
5,48896
12,65630
8,61256
14,63141
13,76049
6,46400
19,77951
1,32249
6,50936
5,49455
16,72722
1,35812
2,30008
4,42060
4,45056
0,26655
7,58155
11,66027
3,33030
12,56521
14,81739
10,51400
9,58930
2,29723
13,65579
15,84631
9,65242
9,51781
11,65873
8,62782
0,36526
4,43043
19,96853
7,57375
10,67101
11,53642
0,38932
19,88885
10,57549
4,45397
14,77074
4,45771
11,53949
4,48905
16,82732
16,84738
11,70866
14,71839
14,74823
5,53599
11,71921
19,91690
17,77339
13,69956
1,26765
8,46827
4,34058
19,88519
0,20730
2,27832
5,43600
4,47618
20,87170
4,36179
0,26299
16,75830
18,85439
13,63802
11,59615
9,53762
19,82543
20,84883
17,86739
10,50666
1,23276
17,85063
6,38881
14,64060
10,64677
17,89466
11,59702
5,44429
19,92853
12,56158
19,92996
15,70229
17,78956
9,59566
7,43526
17,78803
20,86574
0,28733
7,58522
5,42257
4,35283
14,77909
14,73802
1,30896
0,38803
10,63526
9,65140
17,82278
17,84242
16,86690
7,43570
14,62324
7,50721
16,73645
11,71329
7,55404
13,63486
3,31430
0,39894
0,37229
18,87156
15,65567
13,61179
20,82019
15,80919
4,51703
8,62704
1,41030
17,74909
5,43015
8,47420
0,34885
8,60740
15,72485
12,75465
8,62664
20,84131
12,66652
8,58379
10,64903
3,44913
1,42171
5,44470
13,75849
3,40540
5,52871
18,78597
5,39536
1,39709
17,80957
12,60162
8,44303
18,79067
12,61024
10,57715
0,31226
6,40631
20,93412
14,77037
0,31647
11,65569
6,40369
14,73659
20,80528
18,84502
0,24675
16,86047
16,87748
2,28341
11,66919
5,49730
10,65256
2,30905
7,56539
13,74255
13,67884
9,56143
1,28950
13,60360
8,49127
2,40252
20,88730
7,44925
15,73463
1,40412
5,36242
20,88784
11,62797
4,38406
1,42761
15,78965
4,45733
14,79824
11,56626
3,39074
14,78568
10,58031
15,68188
5,37945
13,65765
17,89858
11,63807
10,60204
12,65352
20,84599
10,54313
15,67218
14,75786
20,97536
14,62056
3,41533
10,50143
18,81218
14,70559
3,29615
20,88062
12,67520
18,79977
1,34419
13,68780
3,39681
15,71984
20,84971
19,77944
13,68114
14,69078
2,44130
7,53312
15,70783
9,56751
3,35907
17,90310
1,40473
16,70957
12,74996
3,35047
10,56249
6,54347
11,56759
9,51263
6,48281
12,57902
6,40567
16,78190
9,55075
9,49994
3,34229
19,79010
3,36377
6,51036
0,37214
11,53048
12,60210
9,64562
14,76838
12,72038
20,87878
8,60454
8,59347
14,69879
9,65161
9,60254
7,48380
15,67228
16,77814
4,40888
3,35391
17,80429
18,92790
3,29637
6,55333
9,57096
17,74587
18,75111
3,37367
9,47722
0,24866
17,81139
4,49086
14,64128
16,77118
2,28517
11,70533
1,37228
0,34179
20,98262
16,77675
15,65309
4,35952
14,81433
2,39871
6,47692
10,50015
9,63989
8,60005
13,73278
12,70817
1,32759
2,41664
6,44412
20,90196
17,79507
2,30820
9,54835
6,39849
8,57587
16,69953
10,69153
6,50731
13,78430
18,80840
3,34066
5,37415
9,49389
6,54211
12,56763
13,76199
3,35255
7,58261
4,39173
0,30518
3,39252
2,38447
8,59089
7,50395
0,32067
5,54207
8,49287
6,57669
3,42461
12,69402
16,75433
1,34284
4,36826
11,56664
20,90528
7,41497
5,42641
7,45643
17,76056
2,26131
11,58443
2,43241
5,48443
1,31712
11,61221
1,38660
5,41147
16,79588
2,30604
1,32452
19,94942
7,57399
11,56605
3,42284
4,33607
12,67709
14,64016
15,68574
9,60541
15,72274
11,62935
16,83748
15,71406
11,64826
7,58472
19,78361
2,30473
15,72319
12,64667
18,83481
7,49520
4,49570
19,96798
7,44536
11,54773
0,30255
20,82558
19,82079
5,49341
17,90675
7,50981
6,41524
0,39888
20,88998
15,78697
11,72050
5,48606
19,90429
1,39039
13,66140
3,37785
0,34901
17,74280
12,58212
1,38213
8,52078
20,95936
1,39997
8,58274
0,20868
10,67195
2,42042
19,92407
3,45254
17,72744
5,37256
2,37859
10,55423
14,67089
4,38608
19,86717
9,64853
11,72059
14,79897
16,72876
9,64835
5,38007
17,85325
12,59124
2,27753
9,64996
13,62275
5,43747
2,38443
15,83433
6,38824
19,90880
13,70041
8,63414
14,63081
20,91517
2,42876
1,27764
1,31266
2,37183
17,90744
13,75712
19,89877
17,80982
9,55968
1,37639
0,24674
3,33316
13,74314
0,29695
13,74814
15,84709
13,67379
19,78214
2,37638
2,36713
8,59977
5,47071
12,59136
20,86618
1,28265
7,48965
20,89597
1,31708
3,35569
14,79875
3,34213
12,67881
11,57228
12,60409
13,59590
19,96440
17,89590
5,37708
10,55981
1,35221
18,91131
18,87785
4,38553
18,91881
1,24379
9,54360
1,26770
10,69726
17,85449
14,71088
8,45546
18,93510
8,50208
2,42350
20,88875
8,45295
13,74861
18,87973
6,55769
15,79481
15,82326
0,23280
3,42597
3,46417
6,40786
7,43233
16,69620
4,35535
6,57589
19,79882
19,93554
3,38745
5,38897
6,53861
17,73837
4,40599
19,92911
2,32721
6,55063
13,64487
6,53121
4,32236
4,43629
1,34549
20,82423
5,47906
14,76988
20,81032
9,53339
6,40940
4,44262
0,39516
12,67652
20,84942
17,77961
12,63730
20,80633
20,86822
17,77487
4,47131
12,75830
3,34738
16,71098
2,34097
16,81136
10,55476
20,88253
19,95201
20,84887
3,47982
1,34643
19,86492
15,67653
17,72454
7,58522
2,31807
8,47192
19,89812
5,50775
9,57402
20,93074
9,62245
12,59759
16,87413
8,59683
16,80460
8,60447
8,59460
0,37729
1,40358
15,74814
0,33890
9,66714
17,72740
7,52218
20,86055
10,51954
1,39663
7,59775
7,50232
16,74439
14,62961
16,85601
12,62007
18,91776
4,34076
11,59196
0,36292
4,42315
7,52785
12,64142
7,47260
10,65534
0,24841
12,69384
18,91443
2,27922
16,79991
4,38101
19,79473
20,88108
7,56450
13,69043
3,45210
10,54549
19,77594
14,78890
18,78889
6,46212
18,91783
18,77201
10,57854
4,38763
4,42653
7,46190
9,60715
5,40681
14,65678
15,79102
16,84720
7,42667
7,58293
8,52204
1,28122
14,73217
17,86583
2,26973
16,69408
3,39135
3,47672
13,67738
8,58349
8,45218
17,88804
9,50377
20,90964
3,33098
11,72122
7,48619
1,34939
12,74226
20,99200
15,81878
1,29560
10,55510
9,50444
14,69543
16,80429
7,48253
17,84775
8,44045
7,56597
13,61057
17,71663
19,81668
19,95413
20,85717
11,55696
18,87200
13,75101
16,76831
20,99047
2,45129
6,43004
16,81156
11,57402
8,54787
14,76662
17,90811
20,85912
12,56394
20,94635
7,44597
13,69524
7,41329
13,76156
6,39645
11,71171
10,59815
10,67383
12,57848
17,72561
1,23773
20,87311
14,77203
19,95187
17,80290
14,64050
18,91131
11,56973
12,57615
10,64550
4,42494
0,25506
2,39054
18,87861
6,49587
11,66515
14,67854
4,48600
14,79743
7,44774
9,51927
15,69429
7,45606
0,24478
11,69076
4,50280
2,33366
0,24427
3,42476
7,46361
2,26641
9,57085
1,42659
10,54050
9,51553
20,98688
13,62343
6,40056
1,42192
8,53416
15,72226
12,56886
8,52584
19,95830
3,40530
9,50591
11,71565
16,84738
13,61631
13,76905
1,42056
20,91370
19,95721
10,67012
15,67679
18,78422
5,42463
18,83613
4,49510
3,30780
14,71424
3,35571
19,77825
9,58155
2,28395
4,36145
5,50779
20,85492
7,48111
6,51087
20,89984
9,53792
5,54935
13,66711
3,30565
12,59667
19,83459
16,72096
6,39019
3,38476
13,67254
2,37584
4,37965
15,76464
19,95653
3,41439
1,27721
17,79408
18,74195
18,77273
16,83330
13,69886
18,77212
12,58755
11,70905
5,36080
20,95501
3,46105
18,88047
15,82946
12,56639
3,41502
16,73190
0,23736
17,87473
19,78251
16,77294
14,78732
10,54052
12,75325
0,20271
16,86414
5,46698
3,44889
19,86657
15,74387
14,78376
14,73279
5,47015
14,69041
13,76510
10,58708
6,48857
8,53493
15,73052
4,48995
19,94133
9,60580
17,89240
2,43910
12,66216
10,56229
16,81343
12,58098
5,50438
16,75865
12,72557
18,86211
20,80500
18,77646
9,65747
2,36048
13,70344
18,92280
4,41910
4,33778
19,89984
16,87441
20,85190
9,62304
4,38997
3,41020
5,39747
3,38286
6,38045
6,45758
17,90585
2,26455
0,29854
3,48308
5,52349
8,45528
13,61976
11,72455
19,90288
3,35387
20,82521
11,59525
9,48126
6,51348
2,33716
13,75102
9,50404
15,69492
15,67343
9,47106
12,71195
5,48241
11,72538
8,56575
12,60801
3,34580
10,66598
19,82400
17,77875
10,58656
20,86247
3,35177
17,78269
0,34974
6,52037
5,53756
14,78167
17,81380
10,56617
19,77303
14,74683
15,81717
6,49025
20,98715
9,51561
11,53079
13,62763
4,42169
20,97116
17,74976
4,49768
2,28124
4,38652
16,73283
18,81176
18,92676
20,92409
11,65319
8,44997
0,31001
17,75664
20,98741
3,47063
9,60117
6,49231
0,27440
16,87911
1,34218
10,65608
8,63129
6,42090
16,75471
16,71743
1,33196
5,42008
13,62324
5,43632
1,42641
0,20226
9,61863
20,96027
4,50785
1,27718
15,82408
1,28672
9,62262
1,40254
15,68199
15,83129
18,79270
6,50750
11,60897
14,70664
7,55892
5,43271
9,52158
2,38844
18,74589
16,77552
6,54267
20,98268
19,93159
3,43263
13,64399
19,85503
14,63076
7,48235
20,96417
14,63841
19,81481
13,60134
8,57139
7,48771
16,76567
1,31915
2,39898
7,42913
11,57297
0,21942
9,64715
19,77337
2,40256
5,45057
6,46983
19,96995
17,87283
10,53700
18,86145
4,38118
18,76673
10,52122
11,64977
9,55250
7,59446
8,61638
3,32688
4,35748
20,86342
7,57275
8,57665
14,66130
14,65029
15,84230
13,72182
7,45035
17,86127
9,49899
19,86638
5,48222
11,70296
1,27242
6,56095
15,66439
2,31613
12,61375
2,34877
17,73466
10,57824
7,53329
5,46630
0,37349
0,34203
7,47928
4,41111
15,73120
10,61064
4,49892
3,38404
5,35871
13,71582
18,74863
8,58883
11,65145
10,53055
13,71186
15,67682
0,32882
12,61278
20,93805
20,96997
12,57872
1,34346
3,36723
5,48871
4,47946
2,33189
0,32752
3,40565
19,83942
1,37730
4,43383
2,26244
8,44020
19,90917
5,48721
17,76767
5,45247
18,77515
11,54910
10,60750
1,31076
14,80006
11,68051
11,57314
8,46453
20,82015
1,33236
2,28800
11,62023
15,76884
20,96352
0,32882
20,90346
2,40035
19,93108
1,25853
8,62620
18,78176
14,64155
17,77829
10,51886
15,71471
16,80589
4,40391
11,72324
10,69874
14,75350
2,33899
0,20306
19,80075
15,83040
1,30244
1,29611
2,45076
7,55134
14,80148
6,38275
5,40271
8,51331
19,88553
0,31573
7,60844
2,36072
3,45017
14,80228
5,51455
14,69386
20,86862
2,33340
20,89487
20,95061
13,66635
19,91604
13,76427
3,32042
11,70198
16,78386
6,49692
8,59225
2,42693
12,62661
14,72253
17,89261
18,92870
0,31937
5,35794
1,37598
13,65786
5,39014
13,66392
3,41545
20,85353
7,44407
2,43358
18,90053
13,72189
19,88213
16,75248
7,45369
13,67050
5,51848
15,70415
18,89398
13,67115
18,74287
2,29195
9,65376
18,81450
8,46925
19,91515
12,73504
6,43310
13,75830
8,55760
18,88896
14,81280
19,94105
13,77547
5,45774
20,95457
3,38543
7,44980
16,79576
8,62109
0,23413
19,77494
13,59947
10,50022
20,81128
2,39986
8,60161
13,75160
8,60941
3,38808
3,35998
7,48182
1,41040
8,52998
13,62312
8,57329
15,80802
16,79167
15,67324
11,62639
2,39338
10,60753
13,64984
17,89895
20,95142
20,91063
4,32362
15,68454
19,96182
4,35255
2,43601
11,70869
0,25349
20,87195
8,54047
8,51750
3,38399
2,39686
16,76035
1,24507
0,37387
7,55776
12,73309
14,68583
7,44927
11,70369
11,68797
13,63231
14,67302
14,67291
8,44908
18,89123
19,89877
7,55239
20,82586
18,83335
5,50640
19,94715
18,84534
3,30806
6,48292
3,46189
11,63967
12,72455
2,26027
11,61660
1,30055
1,32616
8,54440
0,23832
7,56970
5,48107
5,48777
17,86954
16,84943
11,60957
5,47666
7,51110
18,81344
9,63462
0,33696
12,57031
16,86456
2,41090
7,56816
13,76868
2,36437
15,80453
12,70258
19,78550
16,80977
12,60682
5,49439
16,86213
13,62751
16,80914
7,51223
10,65398
19,83601
0,23856
6,50661
20,95591
20,86182
16,75970
9,62154
10,52094
8,56095
8,63416
4,45672
16,85932
8,58228
16,76559
20,80064
18,77299
6,42849
8,49639
6,56419
12,67055
10,68612
13,75980
18,93990
10,60866
12,59889
13,78890
12,71458
0,37779
7,41452
11,63995
18,76631
11,55186
7,46967
7,45348
20,81459
12,57942
11,67896
15,79407
0,35622
12,70557
6,54445
4,49878
7,58564
13,72093
12,58788
14,72400
16,84489
14,65925
19,95292
17,89433
17,85568
1,35656
3,38466
0,23904
3,44467
17,81419
4,48676
18,84414
14,74165
7,51683
19,92442
16,72860
0,23729
11,67400
18,82619
14,73164
8,50110
6,44955
1,23106
8,48754
9,58525
1,29408
18,81635
10,51225
12,68196
9,51250
13,74372
17,88279
18,86097
8,62004
6,50055
2,31419
19,94769
5,50713
20,91784
1,25433
5,45998
2,37575
15,66301
7,47858
1,31950
16,76938
8,49644
11,64078
2,35260
10,64690
0,23307
12,72488
14,62395
4,51901
20,90845
16,71291
5,53394
20,93138
10,54537
17,80860
3,46435
2,45225
12,62618
8,48723
20,99968
5,49837
11,61539
1,24263
2,39305
2,36934
11,63265
14,78339
8,45351
7,48190
10,69030
15,81650
3,39885
0,27434
6,39022
1,25037
4,40756
6,51558
3,46443
4,33424
0,24123
0,36603
14,62405
19,86829
18,92702
9,56951
17,79983
2,43693
10,62025
14,66929
10,59522
16,80638
16,76702
5,45764
4,44121
7,55219
1,24617
15,75248
19,94904
11,54583
5,41704
0,27988
3,46959
16,77953
12,58613
17,74892
4,44336
2,32733
10,54431
12,73765
3,32515
13,63454
10,57769
9,55384
18,87727
17,74534
5,35755
14,80909
20,97211
9,65717
4,40302
4,44907
9,55984
4,46385
2,33181
5,48445
3,41875
17,74414
8,59005
16,77501
12,70245
14,68457
19,83749
16,68296
12,65821
15,81952
3,34283
4,45119
4,39664
8,51511
16,73465
12,68557
1,27382
12,72449
20,97263
18,83408
2,39690
9,52069
1,42623
12,67672
18,90891
16,75704
20,97509
13,76269
11,72225
20,87975
11,65069
10,56565
6,42870
3,47909
18,83117
0,21938
2,37554
12,59232
14,65465
1,23440
10,66845
3,34413
18,85663
16,73755
2,31012
17,90547
7,57126
18,80752
4,32005
6,42776
20,87038
7,47414
4,35970
16,79050
4,34606
3,45482
18,74525
20,86337
1,24180
10,63057
12,61922
14,65071
11,55792
20,93844
10,50014
6,56799
4,34685
16,84212
19,86428
8,52159
13,63100
11,59374
5,41004
16,73521
18,85412
18,85755
15,84681
11,72017
11,56890
19,94175
5,44191
3,29151
5,54447
10,63861
0,38475
14,77032
10,54599
18,86274
17,83218
16,70977
18,91226
20,83793
13,60659
17,76162
18,84705
14,78040
14,66270
3,42286
6,41603
12,69772
2,43600
15,67291
8,57123
7,44811
19,90347
12,69851
16,83513
16,73142
16,80194
0,27526
7,60362
18,87513
5,47084
2,39349
4,47068
12,60595
14,77402
13,68955
15,83554
17,84996
10,69405
2,27185
9,50285
9,50447
20,90662
15,69899
11,69060
1,24935
8,53445
2,35274
14,72335
2,43669
18,82545
17,78479
7,46255
16,86269
7,46062
6,45066
6,48712
2,41991
0,23022
3,30547
4,44210
0,24204
14,69590
4,33368
12,67529
7,59141
7,56945
4,41709
8,57644
0,24917
3,48868
2,37877
1,36224
7,44052
8,52382
1,40316
13,66240
13,62238
3,39407
5,35565
10,55558
2,42375
7,58127
2,37103
13,74174
12,64722
12,64753
1,28629
12,62318
18,74301
5,42506
15,73701
1,29962
7,46429
16,83866
1,30248
9,66829
15,67203
5,54218
1,25479
1,33386
12,56434
14,72230
1,24706
6,43725
2,44288
7,44959
13,73521
6,49143
20,86825
6,44347
0,32841
16,70713
8,55561
20,92787
12,62512
20,90596
18,93930
20,95182
18,92687
16,71221
9,48082
9,55637
3,42123
7,54042
19,91133
19,94976
17,76608
13,64526
17,77472
13,61775
19,92828
20,92008
14,79974
3,44055
12,74615
7,46118
17,78960
11,70945
13,71464
1,30596
17,78240
1,27942
10,69622
8,57536
11,54600
16,73700
14,68071
16,78248
17,83523
5,52093
16,87355
17,88177
7,60483
8,55047
5,40765
4,32026
11,59693
10,69485
0,26609
10,59314
18,90258
8,49309
1,23011
11,68389
3,42671
3,34774
17,87563
14,62796
18,81279
12,63188
18,76024
16,75666
5,38217
15,71584
11,58285
18,81370
4,49903
16,74856
0,22432
9,51866
14,75566
20,85054
20,89108
10,68454
12,57781
4,49900
0,31062
11,64774
10,65958
16,87674
3,38638
14,63379
8,53675
20,90266
19,94184
18,89195
18,84929
11,58267
4,51879
9,50257
16,80069
4,32981
15,75668
6,56472
8,63336
2,37656
14,80510
15,73063
17,89975
13,68665
2,45706
11,59437
8,54375
6,40861
8,56842
12,74039
17,89139
4,38227
12,67424
3,38643
1,33310
15,83951
8,59233
8,57200
5,54507
10,60532
0,29680
3,39619
12,63150
12,57766
12,59549
1,41693
8,53634
7,42976
6,53560
3,41165
17,73490
2,37995
5,47019
11,60425
11,65857
20,88689
7,44976
0,34205
3,29704
20,85452
10,62849
2,32094
12,59681
16,86300
9,56566
20,87501
11,54845
14,68413
20,87990
9,56628
13,72230
12,75474
4,49754
5,53312
1,24636
16,86227
3,43707
13,76215
9,52538
2,36317
2,38454
14,77449
5,43455
16,83059
11,68630
19,78286
10,51529
3,39000
5,41655
0,21877
19,86941
15,83862
14,75055
16,84484
7,44087
11,58828
20,98675
9,64077
14,67406
8,55432
1,26491
4,45358
5,48354
6,41392
20,82268
0,25632
6,41783
19,91479
11,68387
15,70969
15,73981
10,58850
20,95172
3,46402
12,74337
6,41657
3,47680
14,79158
18,93195
8,53572
10,53182
7,53979
0,27867
7,56155
12,69006
3,33329
7,44097
2,27404
8,49101
1,24369
1,29665
12,74448
14,64765
11,72201
3,29716
7,54850
8,45711
4,38261
19,93392
17,77086
10,64362
14,73223
8,60220
16,81392
11,55246
6,40822
9,64234
9,64491
12,72683
18,83669
10,51082
12,67148
20,88167
7,50557
7,60184
3,40728
14,65951
10,64677
10,65969
0,28967
16,74768
14,79836
19,95065
5,49039
14,64303
8,59163
13,66157
17,89235
16,86281
17,87129
4,41519
19,77244
19,85948
8,53015
10,61019
0,22779
17,89230
5,48723
1,35803
14,78857
20,93698
13,60792
4,47376
5,53118
5,48117
17,78215
13,64188
9,63018
13,73701
12,61281
2,26944
5,36511
7,53718
11,70242
12,75944
10,58369
11,65120
0,33721
16,70615
15,82997
10,65629
12,58840
17,85051
10,51774
11,66262
5,38871
8,52273
15,82229
3,38408
2,29260
15,68145
11,60802
10,52263
4,40155
17,71922
18,80695
5,40758
17,83576
5,54014
3,36816
11,60556
18,90225
1,28930
16,79633
10,53512
10,56066
20,93207
15,79322
1,25060
1,37013
7,60418
12,58387
9,55031
7,42799
3,31780
14,63127
0,27365
10,64635
6,45611
16,80646
19,84535
17,85504
11,62364
8,46808
4,45055
9,51297
3,40209
4,32448
9,52008
10,67177
20,96820
9,53012
7,42620
1,36584
7,41948
15,74319
4,48575
2,38204
11,64952
12,73787
12,74374
9,48104
3,29548
8,55640
1,30903
18,92168
0,30613
6,55188
16,76990
2,37467
19,81238
19,96644
20,84367
2,31651
2,42204
16,87755
6,40093
13,63001
16,75810
17,82272
12,60554
19,95901
19,85697
20,97480
17,83371
3,38236
0,33769
17,78061
0,38588
12,59902
19,78352
19,78596
9,55767
10,50679
8,56020
8,56096
4,43385
0,28509
16,73734
1,38675
12,68693
8,63380
3,36407
4,43786
10,52542
18,91062
20,85366
2,33410
11,62835
18,87647
18,79541
12,73218
6,48433
14,72547
6,47860
7,51745
4,38818
20,94101
13,64028
3,44798
9,57954
19,89770
14,71438
17,89156
19,95548
12,63111
7,60219
8,63049
15,71113
18,76563
15,80889
6,46498
13,67131
13,61696
3,36704
14,78442
2,35765
4,49524
0,30002
2,37390
14,73668
7,59946
3,48236
1,39244
9,53641
3,29941
2,38815
1,29541
16,83624
20,89966
19,78421
12,61765
4,48819
20,97223
8,48001
5,47647
4,37248
9,51959
7,59034
6,56645
6,41889
5,36326
20,85901
19,80358
2,27585
18,87500
14,73560
3,45772
11,68818
5,54175
18,77332
3,46087
14,64820
8,59472
4,36959
12,73443
17,83366
4,33301
15,75551
18,78112
13,71763
15,76774
14,78882
3,37620
6,45245
15,76831
20,82105
20,89745
7,46630
16,71206
15,83953
9,49628
9,57068
1,36394
8,45067
16,85890
10,69397
9,62245
16,77859
3,35642
15,80377
19,81066
14,62947
20,81171
4,47831
5,41114
16,68171
0,32818
18,83335
3,39051
16,74209
8,54380
1,26577
7,49380
14,66076
6,38157
5,42777
0,39101
14,70437
6,49095
16,83279
1,42179
8,51200
8,62761
12,70847
5,44041
5,36810
19,84895
19,95510
20,86953
2,45414
16,74323
16,73605
11,58891
15,68076
14,80728
12,56619
0,31094
16,70407
2,38644
14,65004
3,39678
3,48980
17,75039
16,69304
18,79630
10,57282
19,80307
2,43745
7,47665
13,63294
0,21787
13,60073
1,26599
3,44389
18,85345
5,47318
0,36107
16,71055
7,58043
18,80320
20,86513
0,24642
4,41321
15,79432
5,39466
7,52458
12,71879
15,83855
2,34284
18,84758
11,70665
15,75991
10,69561
9,51511
19,87796
3,32881
11,68668
1,25413
18,75544
4,47729
7,45784
6,43626
13,63514
2,27145
17,80102
15,76498
18,79450
18,91950
17,90389
19,81507
15,78535
7,45248
0,33523
16,71992
11,61522
20,88027
10,61972
4,47305
11,63793
16,87361
5,35529
0,39276
4,36734
13,72898
4,50909
0,32985
17,84989
15,67742
8,48635
18,78425
4,40661
1,26830
14,62533
6,52250
3,41247
0,24087
12,64953
19,90293
6,47082
14,64355
13,60955
18,76971
19,82539
17,78493
9,65056
8,46836
7,45939
9,50644
16,86681
1,26166
5,44511
4,32183
8,53475
4,51230
17,82332
19,92173
8,53988
16,72722
16,83194
11,70166
6,55891
2,40072
9,62976
1,28855
2,39294
15,77046
1,23676
9,51090
5,47498
10,62777
6,57070
14,70382
5,50006
19,86034
8,52526
19,90930
11,54110
18,90962
19,93445
2,26386
14,80584
1,35906
20,81683
1,38033
2,41708
5,41321
14,70678
9,58924
8,57565
0,28732
15,70631
5,45252
8,56438
3,34169
1,29787
3,34232
0,24288
18,80734
9,64464
20,86240
14,78581
18,81814
15,75386
20,87851
3,30600
1,29866
12,59692
0,39467
16,68332
12,69709
3,43109
6,52847
16,82507
8,53963
3,35106
18,81333
0,36058
9,53655
3,34308
8,63105
12,57064
13,68080
9,58115
5,41820
15,73512
5,38957
16,86766
9,66615
17,78008
17,87044
2,43884
19,91687
20,97952
14,81665
14,71711
3,47249
8,53597
18,89254
16,84388
10,64369
8,51959
9,64552
17,89782
19,96014
12,62608
7,41347
6,50412
16,78005
20,99726
14,68500
19,79574
14,67272
0,36532
13,67694
4,49253
10,53521
15,66300
1,35225
7,52481
10,62045
17,89835
2,30385
0,34755
10,52824
15,70964
17,88370
15,84874
9,50767
17,84576
5,47268
18,92390
3,36925
12,59107
13,78714
2,34722
9,64307
5,53280
0,27883
13,78708
7,54453
18,91197
13,66618
9,47782
16,82642
8,51789
5,49002
10,69523
6,49981
16,73007
0,27575
4,51574
8,60184
17,82294
20,85637
1,35770
10,64542
5,45908
7,57962
3,41699
17,72865
10,51376
4,46255
14,75647
17,76408
1,31163
10,56283
12,57976
3,35443
6,51324
10,57595
3,33920
14,80271
0,37375
2,31228
13,70748
5,50715
17,85484
0,26450
5,54988
5,52467
20,80020
15,79717
4,46580
16,78117
9,56664
20,81099
17,73637
6,46581
2,33744
12,75797
14,69457
19,87807
18,91738
2,32402
3,33521
4,48389
0,28382
3,41692
11,57353
9,62065
20,99934
19,91425
12,69111
13,67031
4,47510
3,34083
13,67816
9,59317
16,70175
9,58341
6,55579
15,67069
0,23358
16,86822
20,88808
8,48244
5,54727
18,75811
12,72555
2,43009
6,43906
8,51983
4,36063
9,57446
16,76644
11,62610
15,73142
2,26753
8,55564
14,68851
4,37104
12,71190
13,72421
19,88202
14,73103
15,74417
12,64359
16,71685
7,50869
20,98366
1,27944
4,47410
5,50471
11,62678
17,79633
0,28462
16,81888
10,66727
9,63203
18,77081
13,68449
9,62657
14,64291
18,75532
3,33362
1,41037
8,60015
9,51988
10,56344
13,67430
6,53693
14,71106
18,75438
14,81400
7,55819
10,59652
8,50389
14,65079
0,26295
0,33703
18,92642
2,34558
9,66375
7,44741
14,75881
9,63469
0,35414
17,85329
1,41877
18,90382
12,64323
0,27588
1,23903
15,76648
14,71955
12,58804
15,82610
16,69284
20,80689
6,42782
16,72507
6,39996
12,72813
4,40631
16,72507
2,26527
6,40996
16,71467
6,55745
20,94772
0,20703
16,68662
16,77114
10,56256
2,34367
14,75460
20,85297
10,58573
15,80582
8,49378
0,33500
15,65305
8,48697
18,92774
11,60222
18,81933
8,61849
6,49463
13,59402
18,86901
18,80940
1,39022
8,63054
12,64095
14,72842
2,30544
10,56074
20,98732
13,65850
7,41750
17,72617
18,76530
15,68333
1,30234
7,41511
5,49546
11,58082
14,78636
7,49820
3,32476
14,71178
19,78725
16,86477
12,69765
17,72701
1,31496
12,68270
12,66472
14,64807
19,92654
9,58078
2,33572
18,91408
2,45359
13,67698
7,45856
3,35724
19,86245
10,60866
10,68951
10,60096
1,27587
16,72922
8,49046
1,42278
14,69203
15,80403
3,38828
7,56797
8,63997
4,32038
15,84468
12,62265
6,44598
19,79415
16,85142
2,45500
4,49148
18,88306
11,67577
6,49885
8,55377
5,46058
16,75443
15,82701
2,43084
20,84383
3,30593
9,61758
4,39026
20,82612
9,58329
11,54908
9,53954
12,71185
10,68174
15,80496
7,43928
7,50280
7,48681
12,60127
1,27963
11,64761
9,60554
11,62357
10,68409
14,62987
15,66965
16,75316
1,37046
17,71868
11,71447
18,91513
17,75378
16,83463
5,53318
14,75246
2,27076
5,53023
2,41169
0,26385
12,64222
20,97087
13,64480
12,63777
3,34362
6,38950
9,55250
6,40818
20,83600
14,73341
14,77053
3,48328
5,49333
19,83255
4,42907
19,93007
11,67241
0,32090
7,53305
0,37562
4,45065
5,47647
20,88523
2,32037
14,62527
4,50443
13,68290
17,71211
15,83098
5,54072
13,69522
7,60650
6,53115
7,46149
12,65224
5,52716
17,84621
1,29820
7,55761
10,60032
0,34002
5,45330
15,77743
19,93827
11,70310
10,67006
9,56671
2,45421
12,67577
2,42617
14,81075
15,75222
12,56386
16,69634
2,34110
19,81133
10,59376
20,85581
18,75967
10,55767
15,73753
20,98383
2,30901
5,45121
13,73633
17,90163
16,78707
3,47061
14,74333
10,61938
2,37548
2,41115
15,74843
4,36177
20,87211
9,54873
18,77841
3,35416
18,84633
10,54885
1,23594
9,61393
10,52612
19,89288
15,82880
18,93939
10,54861
13,63766
1,26358
4,46846
4,32914
18,92228
20,81995
11,53094
17,79684
3,44100
16,87453
9,47149
19,94430
5,37803
13,73466
10,57276
10,50551
17,86480
17,79486
10,67527
20,96839
11,62745
4,40360
8,56997
8,62330
9,54310
18,79817
0,30568
6,46070
3,30320
0,26153
14,68589
7,56589
11,56607
17,81317
14,72432
16,68400
13,75746
13,62851
17,90796
19,87498
17,71084
15,66824
0,32077
10,65930
14,74549
11,63113
7,56132
19,85822
5,42418
2,28371
12,63068
12,75684
1,34859
4,39464
16,85110
5,48548
1,30121
3,38840
10,54312
7,49000
11,62461
7,41318
10,65329
19,92791
7,60859
7,55372
16,83935
19,92701
19,88250
15,66602
13,77640
10,59047
6,53234
15,72532
12,63366
14,64648
15,71903
20,98242
8,61486
2,39788
18,76481
19,78820
4,42271
9,66542
16,71684
14,65651
7,51431
14,72131
20,84830
13,66334
19,91619
6,47304
20,94879
11,70032
16,82585
16,68016
9,55308
18,80476
13,64942
10,67929
1,25693
17,86562
6,44259
11,68579
1,32468
19,96624
17,75942
5,49651
9,50788
19,77371
14,69120
4,37702
19,85347
2,28661
4,38651
7,45878
7,54091
7,45315
11,62965
7,49308
10,56474
13,60374
7,52395
9,54393
6,42403
16,71546
3,32977
12,65388
3,48795
4,40988
3,32892
17,85008
5,38249
1,23111
10,67066
13,76545
4,39400
5,37379
9,60180
7,49352
13,76809
2,34469
11,62748
15,75107
16,80942
0,39491
9,63686
9,51533
20,99157
1,27281
8,48768
12,73384
15,77198
17,89102
18,81169
11,60361
7,44830
16,70882
14,62998
9,62942
14,78668
14,78246
6,56544
12,59065
16,78467
8,61878
7,53076
19,79543
20,90033
17,72401
12,72829
15,69522
8,46551
11,57816
11,72115
5,42699
18,76629
6,45687
2,36156
15,82441
17,77834
15,83179
6,42849
3,44782
7,56827
12,65431
12,60150
16,79289
16,77496
4,38470
5,48257
18,77712
12,68721
13,71495
3,41420
6,43315
7,46381
12,65497
5,54558
5,48494
20,96950
2,41752
2,30622
12,60132
1,31830
15,71995
5,37670
7,50364
7,59066
5,45041
13,68054
2,37637
9,57757
2,34490
11,65329
16,68770
4,35854
19,80118
8,62516
20,89901
19,94374
6,55094
3,42522
12,56038
12,73659
9,63002
17,75857
16,84312
19,78436
19,95483
12,63693
16,81218
3,33251
0,29305
0,30590
14,81618
12,63662
16,71123
7,58037
17,75158
12,64700
13,69531
7,50879
7,46543
14,75980
12,71156
6,47580
4,50581
16,71911
15,78582
1,34120
17,76235
16,72799
6,52225
12,72709
17,74766
13,63111
17,78015
12,62856
10,66490
20,82426
20,94497
15,83915
16,79336
7,46316
18,79362
19,81693
14,70990
8,59133
19,91178
9,57629
11,71395
20,94751
19,77425
0,23044
19,88480
8,55106
14,68229
0,21239
11,59566
2,45775
10,54213
1,26006
15,72025
8,63423
14,68558
11,54184
0,38968
12,70430
13,67102
7,54869
7,48116
11,65937
0,24383
10,68083
7,45507
9,61735
18,90519
10,52025
6,57919
10,54854
16,73367
0,22890
20,99141
20,83773
7,56819
5,36528
17,82820
5,40049
4,32848
12,66119
18,84357
7,57167
8,56478
16,70121
2,38910
18,78681
10,64755
16,68472
20,98171
18,74113
1,36690
7,47473
18,82530
6,56669
16,69196
5,51462
18,80017
5,37652
1,33832
5,40385
4,46708
18,91211
19,91571
3,40002
16,71385
10,51965
3,31427
12,58841
19,83563
16,82387
8,49840
3,44154
13,73093
18,78352
2,26184
13,69384
7,55319
0,28437
9,57426
17,78504
15,83471
7,41600
0,27804
11,66249
7,46537
15,84417
17,89440
3,43685
5,43724
11,58084
8,46042
14,78741
15,81761
11,66336
13,72414
12,60797
1,26307
2,39721
9,49596
8,61167
19,95763
7,52795
9,61984
18,86134
2,36782
4,41234
2,44922
15,79618
16,85245
14,80260
2,36027
11,66986
8,56400
20,83526
11,64593
14,63622
1,28518
17,73657
19,95316
11,61699
3,42955
15,84862
15,67656
0,36673
1,28858
2,45213
20,90401
19,85758
16,69473
19,90281
20,95964
0,38371
19,89057
5,42673
14,81644
13,73281
19,80251
14,67054
13,60716
20,89204
4,46106
5,36310
16,85001
10,65882
15,69257
11,68846
14,72420
3,42012
17,71468
20,85905
2,38308
7,56634
2,40801
7,58523
17,80628
9,55728
19,94335
16,79005
7,60390
10,57890
4,39077
12,57971
20,93568
4,33191
12,68820
5,42765
4,42254
8,47046
15,76750
1,35703
0,36688
7,49043
18,78908
10,60627
11,55804
11,63176
6,41936
12,73096
7,50873
8,55390
6,46366
20,99589
14,76614
1,29506
19,95156
11,70458
0,28783
7,52170
4,46609
14,69322
0,32174
0,36208
9,49410
9,60636
20,89039
14,76990
16,74441
5,43685
2,39778
12,69191
15,74732
7,44956
14,68553
16,87478
16,70365
12,62668
16,73000
5,54731
16,71675
15,77907
13,76336
12,75684
5,54563
2,41136
13,70155
13,71219
14,65247
7,45415
14,81741
12,62472
16,72848
20,81037
2,41634
5,43262
4,43066
16,83554
1,30008
14,77263
4,48238
19,82642
5,51489
5,52153
17,90324
17,85531
3,39384
16,84336
13,72661
13,70687
12,69404
6,42355
11,53933
14,70766
18,79906
10,62572
14,74279
11,63723
2,36611
16,76261
2,30474
18,90638
19,81787
3,42575
2,33862
15,75956
11,63663
7,57120
16,71742
6,40035
10,51967
17,72852
0,39567
2,36547
3,35618
12,69859
5,43303
13,70350
4,48566
15,65164
14,68958
14,64137
3,39215
7,57838
15,83669
15,81925
3,35033
12,58665
12,69129
1,35125
2,32189
7,54708
14,80072
10,55095
8,58409
6,45583
12,57637
1,37670
7,46966
6,42670
11,58203
18,92274
6,57589
9,55669
15,79968
2,28366
9,65910
5,35366
17,86647
17,80907
4,38606
20,80012
6,57623
1,25317
10,65429
12,63485
4,48759
5,35256
13,75833
11,68903
3,32212
5,41175
9,60571
17,87087
14,69446
7,58692
8,58877
4,44943
9,57306
19,81016
5,40912
15,65442
2,28944
9,50936
10,50398
10,65696
16,70995
3,35329
3,31216
16,86091
8,55523
18,76568
4,32160
5,50648
2,34067
0,23904
19,80573
15,66825
10,63786
12,65815
9,60794
2,27176
8,63604
11,60820
13,75514
0,39946
17,72499
16,75626
8,60137
8,63172
9,50708
18,75769
14,71510
4,46226
14,77634
19,83731
1,33965
12,75428
15,65375
14,77517
9,66420
13,65218
9,64124
13,67495
8,45085
13,72073
2,37371
19,94594
15,76226
1,42503
9,57046
2,42651
10,69158
10,61041
20,84349
20,84965
12,69492
6,51336
16,87843
1,40373
11,65684
9,64321
17,77654
10,57342
15,67358
16,87729
18,80360
17,74743
2,33159
20,80518
15,81652
5,47925
11,67810
10,66239
14,67475
14,66185
15,70161
9,56580
11,62886
12,67465
3,40221
6,40335
1,26674
14,66576
7,55972
6,38500
14,70083
13,67294
7,56720
11,58543
12,75130
10,53276
16,87469
16,74613
3,40729
20,81327
7,48772
4,42666
15,81289
3,47946
14,81701
11,71820
4,37769
15,78663
13,64918
9,64473
6,42555
12,58394
19,77666
4,44355
2,28234
14,68335
3,46620
14,80007
13,76758
19,88503
18,80359
12,72560
9,60876
20,82928
4,39617
19,84614
19,81274
5,39971
3,37389
1,40352
15,84539
17,73504
4,38006
3,36943
12,73653
18,91748
1,23923
12,72854
10,60246
3,41475
19,96338
19,94532
14,65086
3,43860
8,61013
6,45407
18,74774
18,82709
5,51311
5,36343
19,87161
14,73419
14,69797
19,96283
8,44934
3,30986
17,85016
17,76465
4,41966
19,92721
10,51505
4,37363
3,44940
11,63846
1,24010
12,70924
9,60482
8,63861
9,56369
6,41857
3,38864
18,84120
9,58370
2,28553
20,95489
18,78389
20,96935
1,34089
19,86231
9,50051
1,28322
1,34789
16,70555
15,82473
15,77767
13,59458
6,53701
20,96066
10,54721
0,32446
10,56304
20,93565
3,39199
6,39920
14,75227
17,78694
11,59298
16,74629
0,32719
10,55146
0,37387
14,81467
20,90306
9,49589
6,42310
1,25241
9,60601
3,36711
11,53938
18,78301
10,53970
7,44999
17,74408
10,63807
10,58962
12,72632
2,39385
11,58950
2,28926
9,54975
16,74966
1,32133
16,74587
15,70091
1,31985
19,94061
5,36561
9,55644
9,61785
7,44656
0,36139
12,56209
8,48983
9,54141
14,72118
4,48261
15,68966
12,66069
19,85818
17,81918
10,59650
8,63208
15,66250
1,27758
1,27363
11,55163
7,50815
8,45853
11,70137
8,45868
9,63565
1,40897
15,80568
19,86094
6,57728
1,28238
0,27089
18,92940
3,34280
1,27244
13,61164
1,38149
14,76088
11,71405
4,34821
19,87473
6,51686
20,89762
9,52969
13,71178
13,65168
4,49097
17,85096
13,66203
1,26545
11,53863
5,51148
3,46809
12,74688
3,29653
13,67129
15,65443
3,34106
0,24436
12,75241
3,38472
19,80039
17,79291
5,45278
2,42285
12,69944
15,67737
4,33607
3,31953
20,92173
7,46933
18,85386
13,74221
6,42682
13,73853
5,46284
11,64154
15,74047
16,78338
12,70323
13,63925
6,43783
13,71343
14,71917
11,63145
16,74723
8,60568
14,78905
11,70632
1,36349
4,33002
12,62266
19,88330
7,55980
13,66017
14,70585
10,66011
0,38001
20,97044
2,31524
16,73250
18,81512
13,59319
7,51416
12,59600
19,82279
2,44151
4,47494
8,62182
5,47398
1,23282
12,70030
4,47302
7,46166
0,27121
19,91677
11,69373
10,54896
6,54514
14,63293
10,56957
15,81444
2,44595
19,86740
13,71559
2,35973
0,26276
20,88152
14,69973
0,35333
16,68037
1,28990
19,82438
5,50735
7,51856
15,65473
18,74058
0,22636
2,40834
2,41577
4,50998
11,60296
11,65670
19,86725
12,58674
19,92796
8,55065
6,57504
3,40026
18,76076
18,93574
5,39787
12,63494
10,69961
12,58581
12,71600
19,91333
14,72404
20,91166
12,56932
10,68047
18,82748
7,56577
19,92015
7,57108
9,48104
15,82654
18,86936
10,59601
12,59646
8,58960
19,91878
18,92438
15,74145
6,56226
18,76802
11,69365
14,68105
13,77944
10,69421
9,49749
10,66974
5,52752
1,33181
10,51361
18,77773
5,48495
13,61064
19,95799
5,54335
16,73616
9,54975
0,30960
2,41324
7,47243
7,50560
19,91684
14,70330
6,42923
10,56467
6,44076
3,37001
11,68303
5,52699
13,75457
11,61675
10,62303
18,91933
20,97743
4,47128
13,77280
20,86659
15,70246
12,62967
19,83661
3,41416
10,50510
16,76614
6,40432
13,60906
10,65554
8,60448
12,60928
17,75710
10,61540
14,68124
18,81837
0,35583
3,46184
13,65109
13,68909
2,32659
16,69238
2,41064
15,70620
13,60486
19,81681
12,67490
14,66470
13,70723
18,87888
5,42177
9,60201
14,67441
20,98224
19,88719
5,40397
9,48621
6,55945
16,85800
17,75190
16,73054
8,45130
9,61071
9,66981
6,49936
15,67118
17,71663
5,54018
19,92735
0,39158
0,39874
11,62763
20,97907
1,31053
3,46371
16,71845
3,42496
10,56301
3,40885
0,36482
6,40288
17,78796
8,51263
2,38777
7,49770
18,81385
3,43862
17,79464
19,81881
10,66018
13,74691
17,80367
15,65413
2,43934
14,76714
3,36141
4,45182
16,84225
6,39946
15,65191
13,75424
15,79175
6,48051
8,49892
3,32449
10,58327
1,28909
11,65393
11,54941
3,33221
17,77543
20,97942
6,52012
0,22121
12,73412
5,46726
5,40656
11,61967
7,60422
18,89764
4,47873
17,82079
4,50262
9,49271
0,21607
9,66523
4,47679
11,69989
6,41665
8,60308
20,85852
11,58462
0,38528
10,54270
20,95697
14,79760
1,26462
19,92474
6,38347
20,96384
11,53062
17,72783
2,34417
6,44566
10,67426
17,81872
11,68318
5,36234
4,33984
0,37978
11,54952
10,68079
3,46338
17,74291
3,37548
16,82504
1,34787
1,23968
11,69625
5,39234
9,55338
20,87349
15,78368
13,74201
6,54070
18,82734
16,76883
8,45025
12,68197
4,35359
4,37257
9,49951
20,87389
9,61666
6,52952
14,80939
6,52227
14,79534
2,41624
18,75735
9,64422
14,68369
2,33127
5,37912
11,68464
14,74606
5,36242
12,71636
18,84108
2,34098
7,44412
7,59883
19,88632
14,75231
3,44183
18,81160
20,99929
2,43597
12,67123
7,57802
15,69960
12,56788
2,44255
15,78350
8,62409
13,61446
12,72183
20,88752
6,57035
14,75440
6,50096
5,51923
1,29499
8,58767
16,87673
4,43337
11,68819
0,35784
9,66142
10,55311
15,76452
13,73574
7,59279
16,83952
17,73500
11,67718
16,70829
13,59047
15,67364
13,71864
8,52177
3,42347
10,57931
5,54186
14,74841
4,43844
10,58594
17,84418
12,58086
10,60419
13,70602
17,82182
18,86835
14,79533
8,60446
7,44153
19,86200
0,30223
3,39273
13,59751
1,31849
15,82084
2,42220
7,51348
5,52924
15,84416
15,71167
6,44364
12,57983
12,70629
4,48288
19,88273
17,78648
14,69894
17,84305
1,35925
9,65698
12,66327
17,89033
14,73411
11,59900
14,78137
12,59800
17,73478
14,71967
10,60158
18,81054
2,32059
6,47959
20,92007
13,67433
13,65209
12,63115
11,66068
8,62640
0,23368
18,90128
10,52827
18,89990
17,73487
11,72987
0,39905
18,87347
19,93277
16,69643
4,49596
2,26019
1,23675
2,42992
7,57445
15,74457
5,36154
12,65820
15,74818
15,68716
2,31242
12,61022
13,76826
7,42653
11,55502
20,99653
7,57665
20,94086
8,47403
0,21235
5,48149
18,88396
10,64430
10,67169
12,69864
10,65506
17,82509
14,65194
0,24789
20,90638
6,43350
12,56533
11,56663
17,71129
18,86563
14,81343
7,42858
18,89735
9,59342
6,41649
17,81978
15,84481
19,96896
5,39860
8,53412
20,88833
12,70135
20,80723
7,41737
15,78879
12,57299
12,75864
16,68339
19,77152
4,41613
20,93755
16,83982
8,63435
1,23426
17,80327
8,62756
5,46521
10,67333
5,36373
5,42082
12,65893
10,68866
13,66593
1,32495
7,57754
2,33837
20,91172
2,44680
0,30317
18,84934
17,89748
16,73230
19,90645
12,64954
2,38254
0,37388
3,36057
12,59755
16,70846
10,52964
1,31878
15,77648
1,25755
18,93116
18,80473
15,79554
18,75693
8,55084
0,32003
9,64068
18,76919
0,23756
1,26283
15,69691
11,60350
7,58540
17,74061
1,28919
12,73676
5,45076
20,89752
5,51012
8,53175
15,72902
10,52067
6,39979
9,65120
9,65302
19,77700
17,75046
19,79073
8,55945
14,78778
3,32048
7,60836
8,44522
12,67101
8,52741
3,46852
16,80674
15,82805
14,62285
2,45129
19,88957
4,39108
4,46990
19,94829
14,67837
17,86032
14,63466
1,32106
12,64479
3,39280
9,52932
12,65996
9,48178
8,46551
7,57025
2,35780
15,75148
13,68967
8,48862
20,89179
10,55855
2,43587
4,33119
9,50975
12,68919
3,38602
12,68695
11,54292
4,41386
9,57140
8,62601
19,88772
6,44590
1,36977
6,55401
7,46176
6,57974
20,92399
13,65647
18,80015
4,47845
17,89473
19,79056
11,65176
16,78003
12,69747
1,26114
12,69442
6,45383
9,48629
5,52927
2,44288
2,43820
17,74317
10,61251
19,81116
4,41623
18,80123
18,77061
14,70089
15,68731
8,50327
3,45361
14,77907
11,72701
2,28046
13,78528
16,87605
18,85332
5,40064
3,38445
6,38722
18,87289
16,83210
15,72564
14,70275
7,44819
18,77364
7,45318
17,90164
15,76479
19,84398
18,76452
9,47425
16,81865
12,69507
12,64799
6,40124
9,64684
1,28015
3,37657
5,53348
17,81731
5,53744
16,86423
13,75308
10,67568
18,88643
1,26934
2,37409
10,58172
5,35777
13,78763
18,89905
15,67418
20,92454
6,40439
7,48804
18,87023
19,91826
15,78212
6,39989
8,51868
12,65258
0,20944
7,59281
3,34150
2,44081
2,37006
12,66680
7,56204
6,39665
0,32811
15,73951
5,45349
6,47543
11,62460
8,45785
10,55948
9,61498
20,98991
0,22630
17,78660
3,29238
4,51920
8,57891
16,77338
2,35749
15,75349
4,45582
15,76643
2,38245
19,84899
14,69145
2,31861
19,90051
13,75632
15,77321
16,72323
19,79860
17,88107
17,85919
13,59569
17,79411
14,71586
14,81218
5,37122
14,76409
17,74089
3,43242
7,48210
14,78433
2,26514
14,72983
12,66970
8,54810
1,33029
7,45671
19,94549
16,78441
12,56414
0,35093
1,40488
14,81740
11,55416
13,64611
1,38231
17,79395
6,46260
5,54947
13,71648
7,54342
1,37210
16,74833
4,36752
13,70978
19,85727
20,85023
20,80982
2,40305
4,48146
15,82729
17,82201
16,84910
10,67314
16,86666
15,83330
1,38365
3,39733
20,90108
6,41360
1,32785
5,43112
16,84016
6,57309
4,35625
4,37469
19,78223
15,72110
18,83157
8,57251
4,36992
7,54646
8,55870
4,36787
9,65756
1,34140
8,47299
10,59360
3,35451
1,35941
5,50993
13,73620
0,38791
17,84084
6,43027
0,24260
0,24828
0,28772
3,38012
3,37315
17,85259
10,62631
0,38258
9,50123
8,48224
3,48582
5,45977
15,79608
1,24210
17,80218
9,59453
16,73429
12,71210
17,79689
12,68721
16,77885
4,40182
10,58916
6,38375
9,65070
16,73012
14,78640
17,90984
18,74050
1,29590
3,36437
2,41162
6,54978
17,84105
9,51731
6,41873
7,52628
5,44264
0,25748
3,30476
13,67032
16,71020
19,89684
17,81922
10,65386
20,88066
13,71089
8,57408
14,70167
11,65816
9,49233
18,82117
18,88550
5,41359
19,91364
5,39197
7,51293
0,29332
16,68615
16,80844
14,74401
6,55950
18,83168
2,35508
10,65554
19,79339
18,90246
8,52109
9,57288
1,36317
0,36762
15,68465
17,89655
16,85391
5,41800
13,75493
14,64771
13,62883
2,28600
18,79518
11,72627
1,40389
2,42689
17,86923
0,25701
19,77958
20,87595
5,38538
4,50014
0,29983
18,76603
0,33467
20,80205
20,92442
15,70691
11,59141
7,60529
15,84504
0,26728
3,35030
9,63562
10,63383
16,84496
6,46948
11,62088
20,94214
6,46977
11,54803
14,77389
1,41682
13,71270
12,57542
3,36259
13,71400
13,71546
15,67154
6,46766
18,89749
1,34230
9,64765
17,76902
16,69222
4,33501
11,62050
5,51208
8,47574
19,80729
0,31157
14,81575
20,87476
5,52945
18,88962
17,73522
5,37391
12,75059
0,38567
12,68074
6,49796
14,64078
11,65269
0,34362
14,79504
3,41960
12,66715
4,35370
1,24908
0,39904
15,69307
5,46297
15,81881
13,62587
2,38385
14,64413
2,36952
1,26457
0,28464
8,45150
8,58537
6,45454
2,40785
17,82581
10,50018
6,47808
8,63562
0,36368
13,64577
19,81081
5,41454
6,46933
9,49671
6,48971
1,37970
3,35387
20,86833
16,87008
0,20514
9,47206
18,74947
14,72633
9,62380
18,92212
11,59861
15,71094
8,50345
14,80551
16,81960
13,65532
17,76943
1,37569
3,38848
17,79793
6,43439
12,57203
14,71583
0,34411
10,63117
9,54386
4,35131
15,84050
10,66933
20,97628
5,47078
8,50205
12,69869
7,41658
13,73382
0,32122
16,79059
4,45335
1,41075
8,54417
3,40258
16,78139
16,77557
20,87735
17,90514
15,82351
7,58788
10,59947
20,95544
20,94795
17,90352
9,48579
12,66987
16,73992
17,71050
9,53452
15,70153
19,92340
4,45900
12,70970
17,73787
16,81381
8,59589
13,74839
16,70155
3,36019
17,78607
19,87928
14,77657
10,58598
11,64571
8,60206
12,67887
14,77028
14,77975
4,45839
18,87919
19,82412
13,63499
16,72909
17,86478
20,91094
2,45646
1,42373
0,27654
9,62982
18,92608
16,70920
11,58615
0,24315
11,65460
16,70783
2,35605
10,62789
16,79840
2,45192
7,44331
19,95562
3,46181
20,82846
6,38929
13,63818
13,78475
3,31262
15,77775
0,27549
16,87864
9,66726
15,74409
15,74656
7,45174
6,42770
5,40833
15,83677
19,79045
15,66037
6,44242
8,53651
13,71321
10,56162
13,63073
6,55667
0,36035
12,62732
19,80487
2,28184
19,90890
3,48571
10,59417
1,28495
13,77681
11,67781
16,75097
11,61469
11,65399
0,36202
12,75928
13,69985
1,29831
11,69775
20,80968
15,75382
3,34151
7,51818
1,42691
9,57792
8,50125
14,66370
12,60838
16,84175
15,68134
1,35691
19,87431
19,88556
13,60054
2,28669
11,69659
7,57081
1,35938
3,34717
13,71282
15,79891
18,83297
1,37201
11,69289
13,71873
5,51512
12,75952
3,42448
17,86198
11,60622
19,85080
20,82402
18,92031
7,44556
6,40193
15,75239
18,93488
5,53518
19,96997
20,88583
10,68663
4,44875
15,75686
6,55536
4,33294
10,65448
14,72367
2,45629
4,45337
20,86654
4,51322
8,63010
14,79333
2,38693
5,44241
16,72075
20,92651
7,50275
20,92838
10,51658
5,41932
7,55248
9,53959
2,44201
13,67382
13,75844
9,61999
11,59376
5,53905
11,56476
13,78089
1,27366
8,60206
9,59458
16,68027
16,79164
2,32548
18,77024
0,21264
11,62047
6,50217
3,35587
9,53577
12,73635
1,35796
9,50870
20,81326
3,38217
17,87745
4,49602
18,74605
1,41054
11,66003
16,78489
9,64661
1,39782
5,48487
7,59556
18,93194
10,64733
11,59274
8,54844
1,42323
7,54189
10,67328
20,90971
3,34965
9,59621
20,86348
19,94580
15,82596
7,41823
3,36084
9,59455
11,63607
13,75919
15,79236
17,90394
20,96236
20,90819
11,64969
17,88333
6,49700
19,77543
6,41900
8,55945
0,24224
5,48758
5,49949
11,55866
11,71630
9,65220
5,43268
16,80813
18,90732
17,75601
5,47930
18,78333
9,52399
7,58839
20,98569
5,42436
20,94947
6,51961
0,28086
17,74682
19,95230
11,54854
15,67985
9,57817
9,66278
13,66496
19,77558
9,66280
9,48254
10,65667
1,41065
19,93078
7,51006
6,44283
7,49854
0,32308
20,83325
1,40625
17,74143
14,65037
0,32417
4,50165
1,27675
19,94861
2,33148
18,81551
17,87490
17,73668
13,76548
7,55912
11,70541
20,82246
9,53653
19,88133
16,75649
10,66895
1,31441
3,29888
0,29215
14,70791
12,75406
7,59914
3,40075
9,62204
18,92448
17,80950
4,37413
18,80537
15,68569
0,21242
11,57329
1,33487
20,98309
7,44395
17,87824
15,84127
4,40039
12,64198
18,75586
2,43209
7,44824
11,70652
1,26436
10,58089
11,69057
17,72310
12,65819
4,47465
11,66457
1,23477
4,40906
6,47868
11,71546
15,65508
7,48319
8,44381
14,77287
4,33845
12,68562
4,41910
10,54629
9,52704
19,78776
12,71513
8,62668
20,95228
13,60244
17,72333
14,65669
9,64584
6,56178
7,56579
2,43838
14,63933
15,65746
3,38032
20,86827
5,51197
0,20792
3,35927
10,67651
11,62742
4,38369
20,94800
15,84074
12,63874
12,72676
16,74864
6,42022
7,59032
12,67008
15,77102
3,44342
7,52110
15,70171
20,89589
9,65077
11,59710
11,70421
4,37459
15,79937
0,29754
8,51048
11,62483
4,49545
19,94413
2,38449
4,47354
1,23978
13,67709
1,38760
12,67023
6,54521
9,58145
12,70491
15,83839
13,66392
10,61447
9,66650
5,43587
3,39129
20,93907
0,25428
6,40589
8,47034
7,41169
4,35239
18,77415
9,66952
10,61408
14,65484
5,53225
14,76923
4,38844
18,93410
18,77965
9,54184
11,58380
3,46530
17,86285
15,65111
7,57143
3,45976
11,60413
1,37726
3,46622
4,37983
2,45178
8,54321
20,91061
17,74598
10,51526
2,33909
1,24969
8,53143
13,76886
3,40528
8,52301
12,58354
17,76319
14,62225
9,61520
15,68011
11,57126
19,77613
4,46082
1,39482
9,52458
0,29002
6,57721
16,70699
15,72517
2,27019
13,78409
9,62903
6,57912
16,81698
5,51150
3,34578
16,74729
8,50961
3,40171
6,51947
1,40180
16,69957
7,60450
14,75300
14,81064
7,45441
15,78011
18,93332
10,51101
1,32229
16,81615
15,79732
14,74366
12,65970
14,74992
3,29981
15,81130
11,71815
3,37566
2,32349
16,78728
17,78548
17,89375
16,87312
11,56446
20,92820
3,47953
11,55872
20,89368
19,78335
14,67413
15,81496
4,45423
20,85294
14,72037
16,69987
17,75829
4,50369
12,67434
18,88548
12,72636
17,80428
13,76007
3,32156
3,40328
19,80389
19,96801
18,83458
12,58945
11,62352
6,48486
11,61632
20,82092
3,48089
1,26759
1,28112
4,48937
9,51904
9,60258
8,45112
12,58777
6,53587
4,42025
9,48314
9,66877
5,48562
18,85304
20,87015
7,53117
0,25710
16,80588
6,55606
13,74436
20,95196
20,98089
16,84901
8,61604
16,70506
4,44072
19,93136
7,55343
5,40479
10,60434
18,77090
3,35497
17,85691
0,26993
12,56973
13,67257
0,26092
10,52906
16,68570
3,41084
11,53307
9,50742
5,43974
0,20765
6,46964
20,87735
15,81202
13,73431
19,88377
19,90274
5,49297
4,40036
20,87596
17,87923
14,64049
5,54667
18,78675
0,21663
0,26476
12,68028
2,45823
9,62077
20,87143
2,45631
8,63884
7,42910
2,26732
12,75897
5,39609
12,67134
19,81456
19,91512
11,56335
12,71545
1,35814
20,87056
15,67753
5,36372
18,88234
20,89636
12,59376
16,76481
8,54257
16,84447
1,39713
18,78858
18,92347
6,57472
9,63524
9,60619
19,81539
8,62857
16,73594
14,65903
1,28364
3,29449
18,78806
16,68869
4,38079
6,45307
17,74659
20,83602
6,46584
16,86832
6,52385
3,39983
7,60337
12,61131
3,30358
5,51771
4,45603
11,69246
3,46216
8,52441
3,39219
18,83720
13,77222
4,41552
17,82301
9,56515
18,74891
11,70689
17,86085
16,72192
10,66128
2,44724
16,86177
0,30362
14,78708
8,53177
14,68644
2,30782
18,84052
12,75521
11,56898
19,94219
0,24154
20,82778
16,81809
12,62409
0,32523
9,51313
14,69608
6,51717
17,82864
15,76214
13,71876
17,89055
6,38916
16,77325
17,89220
11,71522
7,45007
1,41289
6,41485
3,48116
17,81961
5,52705
8,55908
8,47354
13,72509
7,48101
18,78743
2,34951
17,78014
4,35412
13,76741
3,48865
6,47140
19,87271
11,71150
1,31219
10,57163
13,61470
15,75730
19,93543
5,54276
3,33113
14,75414
0,27749
6,49914
11,68007
9,58923
4,45042
11,70954
17,84181
9,59130
5,38405
11,63862
6,53249
17,83939
1,36967
9,52848
14,68817
11,71011
16,74143
3,43509
6,48058
8,52396
18,85771
6,43272
1,34366
5,50424
17,84428
5,51024
12,59747
18,83297
1,24607
11,69450
14,77535
13,66645
5,44470
17,75158
4,41005
17,87786
2,33925
2,39640
9,51166
18,93309
2,41076
11,72377
15,74278
16,68771
6,49440
12,64167
1,24556
3,40150
9,48151
6,55601
16,80534
19,85039
5,53426
18,88659
4,38303
9,66053
8,62497
12,58977
18,86541
20,80422
5,46985
3,45474
2,29372
2,42083
3,30942
4,41950
7,57282
15,81481
2,27479
11,57626
7,51777
12,61147
3,34443
13,59079
13,64577
12,68901
5,37223
16,70569
3,38964
7,54768
16,85507
2,42249
16,70623
8,45403
1,41962
12,72715
19,84485
1,34800
19,94123
10,62798
14,66980
10,53878
2,27949
2,45844
11,71512
4,50538
19,94621
6,47958
6,46697
12,71493
8,54033
20,89586
12,56256
11,54720
12,69241
9,63234
0,27076
7,42071
15,66622
12,58066
2,34642
2,26897
4,40273
10,55781
6,51622
20,93284
9,57399
9,56883
19,86371
1,42319
2,36707
7,49088
10,63140
12,72845
6,49093
12,72500
1,28785
5,41507
8,49830
19,81561
1,37519
17,71659
15,83506
11,64535
6,52002
6,55970
16,72682
12,71702
10,60939
5,43826
13,78266
5,40249
5,54195
1,35645
19,95268
14,71710
16,76813
7,53769
4,46161
16,77729
19,92680
0,36147
17,81262
14,64365
4,45195
6,49037
17,82230
5,52238
20,95552
4,34728
18,91299
9,62477
14,66938
9,47131
15,84977
11,53293
17,85727
0,30488
15,71846
5,42584
2,42670
1,31641
1,34432
12,66895
8,49303
15,84500
4,40444
20,89611
6,48528
12,73619
19,77999
12,59760
6,42116
9,51411
14,72362
20,91113
5,38683
4,50645
1,37982
20,81853
14,75079
15,71895
18,93374
8,56935
18,86552
6,54053
3,29862
2,30527
19,89247
10,67603
0,23795
5,47796
10,62734
0,20527
20,82922
6,43849
5,52546
13,71956
1,40230
3,35959
10,53086
14,71962
17,90667
0,35419
2,29323
2,26445
6,55409
0,29963
10,67743
5,50437
19,93855
2,42411
18,84847
1,26236
17,84487
11,64848
9,60155
4,43255
8,45979
1,32007
1,25326
5,37330
9,48002
17,80734
11,59448
3,35837
20,92396
16,75354
14,76251
5,37529
15,78209
16,85814
2,29912
9,64916
4,50276
13,70316
20,81421
12,69510
5,54202
11,64152
7,46617
4,33195
14,68229
15,70305
0,28077
15,80880
4,41345
2,43226
19,82200
14,71874
12,56294
15,71097
10,56412
20,88836
1,34825
5,41678
5,50735
13,64743
10,66494
7,49775
7,52417
0,29678
20,84864
6,51467
5,36648
20,95677
7,56918
18,76381
20,96489
19,88745
7,46818
13,68886
17,71381
15,69356
8,49918
14,63316
9,52454
15,78107
3,33074
19,91811
12,73290
4,39621
6,55046
8,60126
7,49654
15,77872
5,52326
15,79951
5,43349
13,78693
20,97710
0,30909
8,54760
12,67584
18,76106
16,81669
10,52938
7,43483
4,33375
9,57015
6,54628
9,65732
3,44060
8,60863
13,69654
1,41319
8,58253
20,91565
0,20087
9,56432
9,55764
19,77178
2,42546
5,37640
5,44197
20,98732
1,25421
17,81947
1,24217
11,55474
4,32929
19,84958
6,39502
15,65420
19,90580
0,35840
0,25830
16,85833
0,25811
20,88619
19,90527
12,72223
8,44106
14,66049
2,34289
13,60903
10,69954
11,64493
12,61376
12,56042
0,21577
9,59382
2,31885
3,37576
15,78106
7,52663
15,68577
16,87622
18,90142
14,67244
15,67134
14,65892
1,27321
10,55776
0,30584
14,78119
18,79828
3,29295
10,50413
4,42187
2,40316
12,62668
9,62344
10,58195
17,87561
1,27354
6,43482
8,60076
9,62376
17,74271
6,48674
6,43392
2,42673
11,67309
6,54791
16,68693
0,21169
4,40623
15,72782
14,75856
1,32174
8,55352
6,57428
3,34530
19,81992
17,74312
20,93065
3,33318
12,70059
0,21688
2,26467
15,74537
3,31422
15,79604
18,78721
0,29203
4,39541
18,83869
10,64785
12,69679
19,89542
4,49870
20,94461
3,40038
3,41252
3,38770
3,32749
19,88817
20,82503
17,78855
17,84378
15,76329
8,55101
17,87783
1,35149
20,94619
3,46923
11,67985
6,53026
14,70428
6,47119
20,84124
16,86779
15,81375
18,74449
8,60763
13,74034
16,77442
4,44643
1,25301
19,84710
15,70792
13,68659
13,66216
0,31712
2,30905
6,53766
14,67999
18,90983
19,84288
1,34266
18,89586
8,45567
18,89110
4,48082
17,72094
15,76135
3,42508
11,65345
6,47684
13,65191
11,70842
2,34046
4,36934
16,82038
9,48354
9,53473
10,62794
16,70963
4,46503
12,59042
9,53973
8,51139
16,79226
0,26930
3,43762
3,47116
17,76340
8,49111
17,74081
13,66802
14,71462
5,50580
9,64913
14,79465
3,36994
17,74531
17,80343
16,68716
11,59229
6,54588
15,77021
10,61301
13,63094
2,35524
18,84041
17,79103
9,65402
5,50090
12,71915
9,55709
17,72438
19,95436
15,80029
5,39517
12,74696
3,39905
13,60244
0,22416
19,92293
4,38490
7,52683
11,58839
1,37850
11,65170
4,43967
4,37009
12,73966
8,58312
9,55924
0,35921
2,44811
17,76721
11,61423
2,30930
8,48353
1,30832
2,42786
13,75448
3,47621
18,81770
12,72556
6,53094
11,60935
2,28675
8,55240
1,27005
8,50544
11,70332
11,67388
14,76959
1,24694
17,85753
12,72526
13,65001
4,38652
9,61985
11,57581
9,52087
10,51460
1,26887
4,46878
6,46484
5,44835
2,41643
12,66910
2,43221
20,85846
5,43463
10,63336
16,70369
9,60992
11,72558
16,68882
3,32171
1,25040
10,56372
6,45562
1,34776
17,76900
20,87965
3,37465
7,41589
19,82063
13,77374
11,69240
20,81258
17,84598
10,52866
7,57955
1,31736
14,74704
8,44637
18,78882
19,92828
7,44672
18,86329
4,46967
10,54711
14,75235
7,41159
18,84144
7,55793
18,83923
17,76938
9,58354
6,47924
8,44580
0,24474
18,83941
4,39073
18,83662
0,25059
14,75457
15,69328
6,55778
11,53921
7,43773
4,36462
9,66818
20,86733
4,43774
16,77310
4,33865
14,79108
12,56711
0,27710
10,63446
0,33394
10,50390
17,80262
17,75487
20,90620
15,78570
12,62066
6,42494
0,23572
15,77670
0,35939
16,84260
5,45249
1,25311
16,79071
5,41773
13,65905
17,74642
5,41338
9,63346
17,89993
8,53622
7,56655
9,57105
16,74240
5,49797
13,66806
5,35757
6,44220
11,63104
2,40316
13,68326
18,82956
15,84109
6,57752
7,44497
17,80864
12,64774
20,94039
8,45821
9,64569
20,92717
8,62021
14,72372
19,85380
1,24746
12,61797
1,39283
18,82089
1,42004
2,38137
5,42597
2,32107
9,49793
5,46138
15,67500
16,81138
18,82361
2,30925
17,88464
6,42453
8,62632
19,91779
11,65100
4,47162
2,27325
10,61369
3,39340
4,45408
0,38072
17,90369
11,71460
12,57461
8,53594
1,23072
4,38030
12,75180
15,72717
15,78331
2,39936
3,47877
10,53576
13,67100
2,39612
15,70728
14,62032
9,57886
8,58078
10,54373
15,79468
9,60037
16,87982
18,88461
1,25392
1,34063
5,54061
18,91785
7,41817
2,32203
13,61438
15,82594
0,26641
20,96983
2,40026
17,89230
8,62271
5,52063
20,99636
0,21835
20,92222
9,49177
5,43142
11,53148
3,46879
12,69105
16,69744
7,42646
19,96379
2,35864
11,66666
6,41667
11,69960
1,34287
13,75302
4,45010
8,48779
20,88187
10,63029
4,34972
2,44429
16,79140
1,41011
0,34847
6,52423
13,60488
4,41127
18,93947
10,59906
1,24802
7,56627
8,63975
2,29520
1,28896
6,53244
4,35311
20,98689
4,50351
19,85009
12,67906
20,92227
19,82462
5,48060
19,80458
17,74730
1,30547
5,35027
8,59508
2,45875
0,26423
0,32453
18,91557
4,48722
12,65260
18,89861
11,70225
15,77476
18,86938
2,42677
11,63049
4,50031
1,28614
6,49683
12,67687
14,65801
2,34280
20,87376
19,87148
4,46060
7,58283
0,39861
7,42744
17,89637
19,88853
15,79663
17,72633
19,85149
11,67671
12,60701
12,69349
9,48013
6,54279
13,62299
15,66506
14,66803
11,70361
8,62201
7,55760
17,81826
17,84821
12,69007
17,86786
14,71140
3,35798
16,84857
4,32567
15,76624
8,56215
9,54966
17,89642
16,76120
17,87279
6,49336
3,33310
4,45187
15,79089
2,27982
17,72096
20,93582
13,78954
14,68497
16,81545
0,31582
20,95378
16,78864
10,68803
16,72279
13,76057
19,96186
18,81312
20,95440
6,40369
12,72192
17,88450
13,64432
0,20687
6,51175
7,41068
17,81295
8,50774
0,36803
16,80190
18,84789
5,41891
2,36316
4,32439
1,40592
19,95947
3,36466
9,64637
9,50209
20,83549
10,66998
15,68078
16,71490
15,68543
6,56284
15,71751
2,40906
15,83096
7,55425
11,71713
2,37811
16,85578
20,86781
17,88762
10,65563
3,43797
15,82133
16,68300
8,48695
5,47174
19,93222
1,39661
8,54750
20,87307
5,53545
2,39818
19,78389
5,43882
6,57852
0,30040
0,26141
4,45110
5,40969
12,69162
1,32131
14,67037
14,76693
12,58451
13,59024
6,43962
13,61556
9,63444
16,75675
13,75506
7,46616
3,39294
15,82570
12,70010
19,90394
17,80922
13,63089
17,85448
4,34472
8,54469
2,33450
7,43964
19,85104
9,64694
18,76212
20,89454
2,32792
10,59554
10,58703
16,81219
15,80399
6,56229
3,36660
18,75702
11,69774
14,79038
10,54271
4,40955
4,51784
14,73459
17,77674
10,67469
11,58446
1,24963
19,86977
14,72466
19,82177
3,40160
17,75572
5,42543
18,82907
10,66626
1,29510
7,58221
10,53323
4,51337
17,80537
17,81615
13,60432
9,54655
2,34431
8,52330
2,37385
10,58611
11,66872
11,69687
2,28162
20,86486
6,42102
13,74948
10,60418
6,39168
20,80415
9,57905
10,63432
14,67243
18,90533
15,70899
20,80838
19,83144
11,62888
17,83531
12,71935
4,39466
3,44095
13,70193
7,42320
8,57264
18,86227
2,43907
4,37234
20,92070
17,77144
0,20552
7,57865
18,89969
16,68599
16,83098
10,64800
1,32356
5,47870
13,71424
2,27982
11,71018
3,36830
11,55997
12,73070
1,34606
1,24759
14,69023
16,81892
6,56864
13,74409
11,62529
16,68114
13,71149
5,51952
18,89701
5,44745
17,73689
4,51724
5,37988
1,26151
7,52719
14,77658
14,81399
10,59013
0,26345
17,74574
11,60838
11,70992
10,66943
7,54329
6,52823
20,85565
1,27435
10,55650
9,65265
2,33436
19,80708
9,61451
17,72709
13,68953
17,72692
7,56523
9,61322
12,65437
20,80125
7,53944
3,30199
3,35092
4,48375
0,22711
16,77182
1,28995
7,49182
6,43502
14,74920
4,50882
1,25565
6,48789
7,46024
6,39031
6,39241
13,60742
20,85709
17,85739
5,46830
3,42778
9,55160
17,83375
11,57403
15,69897
6,38163
5,38310
4,51772
2,43379
11,67991
14,80261
9,66648
19,94732
18,76251
15,76092
10,56590
7,48658
2,42816
6,43247
6,45715
13,62817
1,40454
9,51600
18,83982
8,44994
15,69731
18,81670
17,88341
8,52287
15,83538
12,73015
9,58876
19,94081
13,75415
11,68852
18,87490
6,43562
14,70740
15,67248
7,47192
9,56895
3,35406
18,75156
18,88318
20,88535
14,67295
13,71264
0,26154
15,83632
9,56136
18,87213
2,38072
4,42242
8,47285
17,80522
10,52003
15,84999
1,32979
11,63438
5,49227
10,53672
7,48458
11,71539
1,26479
8,58887
14,62051
1,25159
0,24390
9,63080
1,25112
11,65752
7,55593
4,47339
0,21354
14,67620
5,38754
11,69593
7,57167
12,56237
18,82527
0,28075
10,67960
19,85691
0,29756
7,44540
4,41327
16,78540
7,48257
9,63533
1,34720
8,45624
2,33661
17,89958
6,45529
14,75654
20,82108
19,80947
17,78899
2,39372
13,63914
1,29667
13,61263
10,53815
15,65577
7,56029
6,54806
10,52763
2,43613
16,83645
13,78560
5,43945
7,58071
4,49106
7,54854
1,40130
14,64712
11,70091
16,83857
0,28626
14,75068
13,75867
19,91719
15,66533
8,60553
0,37404
16,75093
12,69156
20,97231
20,93785
4,47591
9,61694
5,38346
18,78013
12,56031
0,31156
19,87304
14,69877
13,65170
7,53078
9,49315
8,44065
16,80420
8,62312
2,33533
10,64204
11,68317
9,62457
16,84968
16,73244
10,58154
3,47132
6,56588
20,91822
13,60892
6,45018
7,51621
0,39477
3,29973
11,63834
2,32615
12,60329
19,78477
5,42329
10,56444
3,45385
19,88406
15,71843
6,43972
10,65295
0,25105
6,48931
11,60702
6,57298
6,52136
9,66552
15,67599
7,43235
8,63183
8,49473
1,23018
12,56858
12,61380
3,32032
11,71915
16,75471
1,27719
12,68943
17,75863
14,66038
7,59836
14,64846
0,28064
19,88394
9,53622
11,65295
4,51846
8,55782
7,42159
15,69626
13,62722
12,67630
20,99944
12,67274
4,46888
15,71589
10,65473
4,34243
12,64177
10,51760
18,90202
2,31442
14,81059
6,52965
6,41236
5,50611
2,34235
12,71829
6,46680
4,43340
17,80148
7,51306
16,85499
19,95165
0,31018
13,77260
16,79142
9,66759
11,72134
15,74546
13,62276
15,81832
7,57008
9,51172
16,81183
17,83836
19,85989
15,84880
16,81740
15,78102
18,89357
7,59566
5,50613
5,38326
20,80719
8,61906
3,30069
11,60749
11,65935
16,72887
14,73267
8,62540
6,45944
9,62934
15,77747
11,63505
6,51449
17,82697
14,66139
5,50221
11,60087
10,50632
19,79199
2,40548
1,34255
5,54294
4,49006
17,77073
15,81744
7,51559
19,93097
10,58401
9,58659
11,62122
20,93894
5,35877
19,90775
4,42691
8,60110
15,67523
13,71543
7,47270
19,82088
18,81564
13,66066
6,44545
4,34321
17,84132
1,31330
10,58294
7,54553
0,25333
11,60858
1,28389
17,89232
6,41205
16,70161
13,76848
6,38643
2,40986
5,46628
19,82351
1,27553
16,74518
11,58723
11,60946
16,68610
9,51302
2,27543
19,78466
17,80108
12,70656
11,59236
16,81719
3,46565
9,65530
10,68656
5,44043
5,39536
8,61103
14,72206
1,42856
3,32642
4,44062
16,84447
7,54055
7,41559
11,54733
20,88861
7,42542
18,83463
2,28415
17,81983
20,92905
18,79387
18,82187
14,68643
5,50667
15,76246
7,43458
15,71028
17,76447
19,96133
15,66948
10,56306
6,46251
16,76092
16,80363
11,67066
12,72129
9,62776
6,38189
13,70752
0,27482
16,84679
3,29799
20,89934
4,51084
19,85788
6,47909
9,59415
16,78790
6,51846
0,24714
6,49408
10,52839
8,47513
11,66601
2,27135
3,40913
3,39101
12,74631
18,80548
9,51516
4,36102
6,54217
15,82932
0,24511
11,72215
1,37024
6,49413
10,66319
12,75446
1,35715
6,45975
14,81436
10,62621
1,33511
6,57923
3,39558
10,50526
1,42191
15,66753
6,52656
12,66220
4,50038
16,80741
20,84841
11,57041
18,82965
6,52418
5,39417
7,49977
12,70587
4,51267
1,23448
8,63694
10,54585
5,47751
6,46108
6,53534
18,85443
5,35294
10,51238
10,65321
6,54074
1,36049
18,76816
3,30098
5,49679
16,69737
4,50573
6,40765
8,61606
0,34230
0,31434
18,86091
5,35410
17,90329
9,51786
10,59069
0,37170
0,38493
12,61835
4,33986
19,85126
0,29070
19,84300
2,41548
17,73403
8,52262
13,69502
16,74701
13,62295
3,44687
4,44875
20,82121
16,71582
1,37477
4,41821
3,34700
3,36232
5,39288
19,78085
20,95891
12,71600
4,40645
6,57005
19,85810
0,28828
13,77732
3,33874
16,81767
20,99420
13,69913
15,81215
13,77733
15,79332
19,81432
7,48265
2,32103
18,85012
0,35900
1,25031
14,79633
9,66940
17,79519
13,67988
16,73299
12,68952
0,23094
4,34977
12,73346
13,64725
2,27268
14,78161
18,90756
16,75617
2,41032
15,77934
13,70885
11,62796
11,59279
10,50095
16,83478
7,48021
16,83185
20,85868
19,90071
10,58041
1,39515
9,58307
9,54290
10,65495
5,41516
3,38341
11,64702
10,50807
12,69031
4,48434
5,46400
0,36439
5,38664
17,71743
8,50030
14,76661
7,55975
18,74079
15,79809
5,47132
5,37966
2,41534
9,50728
0,24536
13,75509
3,34813
11,53947
5,47565
10,65844
11,53594
9,63524
17,90439
6,52017
6,42205
10,57782
3,31660
19,93013
0,26856
12,62089
17,76318
8,59405
8,62936
8,63995
9,55062
1,40424
5,43506
14,73651
2,45330
10,65730
5,38236
2,29680
10,65383
14,73298
12,73921
19,80872
9,48867
5,50820
14,79545
17,74920
17,76693
6,48948
14,70456
17,77331
17,84107
19,86494
8,57853
1,32386
7,58910
19,85131
1,34796
10,51158
6,57897
5,52528
9,47068
4,35717
10,65218
0,31200
1,38855
0,29361
18,89692
1,34526
20,90207
19,86231
20,95063
3,33723
11,57213
19,80466
17,90410
0,32449
0,22747
13,71454
3,41587
4,48383
10,52203
12,69635
15,84803
12,57144
1,42083
15,77213
5,51944
13,60187
0,23133
16,71411
10,51689
18,78407
2,28423
10,67753
4,38728
16,68976
6,50801
9,57548
10,50118
2,27542
19,96427
9,47972
9,47915
13,65621
11,69970
14,76530
9,54354
9,60761
18,78591
0,38946
9,55464
1,42311
16,80550
6,52351
6,42290
19,83446
8,57432
1,24522
13,59561
16,71540
0,32328
8,45479
19,83677
20,97589
18,82848
3,45973
7,53766
12,69520
3,40943
8,54292
8,54076
17,87017
11,61655
9,55945
10,58774
6,40205
8,56342
5,39027
18,90327
15,72188
14,64808
6,51851
15,80354
4,47058
15,79620
0,39987
18,77913
4,49803
6,40167
18,76144
4,34167
16,77752
7,50368
0,37550
1,26575
14,81225
19,95254
17,90270
10,66543
9,54243
3,41926
4,33055
3,45717
12,75980
12,65083
17,72362
1,23925
15,83827
0,36321
18,84769
8,47980
2,33260
6,54151
9,57597
0,21419
9,58067
20,80059
8,46524
14,63578
14,74598
2,40527
4,48047
8,44707
8,49277
6,39780
11,66811
8,62797
5,48145
1,37662
8,62545
16,79731
0,28800
18,90692
5,40439
4,36307
1,25364
8,60568
13,64324
3,34483
3,29245
20,88430
14,70183
7,46924
3,45903
15,78901
20,83907
3,29276
15,70101
11,67537
15,77501
18,78603
7,57335
5,48386
9,51053
4,38073
17,87525
9,57561
9,65101
6,50748
17,78313
0,25714
6,54783
20,89526
0,33582
14,72815
3,42760
19,83255
9,63622
8,47215
1,30541
13,62647
15,74808
0,38813
1,26652
6,52028
9,60803
19,83307
0,39262
12,57535
0,34932
4,47749
15,73727
14,79332
16,78834
15,74213
12,71437
10,51403
16,87895
16,87319
1,30506
12,63591
13,71996
10,55060
9,66717
2,41062
16,69602
14,75472
8,46196
9,58091
7,56040
20,96494
12,72016
17,77023
4,35867
5,44569
16,75641
10,55004
19,86963
15,78796
8,52204
1,30077
4,44526
0,23261
3,46046
3,42397
2,29390
8,63402
11,68299
9,48902
1,39712
10,59631
9,62562
5,48540
17,74846
1,35359
1,39608
9,49520
15,73064
11,71791
0,26683
20,97194
7,44117
15,80604
17,90674
12,68578
14,64251
20,93513
11,57661
7,55103
9,53421
13,78436
4,36925
17,83202
18,76646
14,81290
5,53130
10,54309
20,96832
10,69396
19,94952
19,96875
20,92667
17,78310
17,85967
9,56239
1,30088
8,56822
13,76448
18,77821
9,48436
3,41897
5,53867
13,66719
3,31794
14,73528
15,75082
6,51018
16,85481
18,92022
18,89584
16,77850
5,43455
10,61184
15,78207
7,41160
10,58418
6,45081
18,78412
9,57114
8,63541
3,47722
14,79985
12,61888
1,26718
1,33614
15,83309
8,63299
12,64443
2,45885
8,59203
12,72369
20,87274
1,38759
7,58986
8,60897
15,80104
1,31633
5,43192
7,47501
4,49286
8,49719
0,29412
8,59963
9,65705
3,29855
2,27017
9,52279
14,72412
10,57712
13,74817
5,41624
11,69579
12,71131
16,72694
15,79047
2,30651
1,35726
10,69081
8,55299
2,43441
17,76207
19,87897
14,64792
13,59420
1,42198
16,70840
7,54437
9,64415
17,78639
18,91875
7,45975
7,57893
2,44243
2,41535
11,58061
16,69858
3,42678
16,70065
13,73391
18,93350
8,57346
20,95237
11,59773
4,41788
10,64094
19,81442
2,35247
20,93195
14,71215
13,62204
10,66959
19,93582
7,42365
3,47382
11,70400
7,41025
5,38724
14,65458
11,63559
15,69746
15,78217
20,89067
19,86133
19,80041
3,36765
10,55404
12,56571
8,52796
3,41612
11,68305
8,52573
12,57236
15,67380
5,42177
9,61538
12,67971
6,48297
18,75517
18,91917
16,73887
12,67486
12,75873
20,84642
1,41534
9,58423
12,67399
8,50061
0,32685
13,63487
15,77018
19,84750
14,79461
0,37684
16,78350
12,70410
14,77105
15,83913
15,68260
1,39747
16,82574
10,63712
7,58229
19,96416
2,43711
11,56255
19,80237
15,77433
13,68497
15,81350
20,95941
16,78224
10,58956
16,73465
18,90882
0,22944
11,58856
14,73996
17,83652
13,65077
0,20135
12,71773
14,71292
6,42033
14,76178
19,83546
9,55396
13,69563
5,47882
13,75945
11,56314
10,68595
19,95755
18,86927
1,25681
19,79806
0,31961
7,59639
13,71602
8,53092
1,29382
4,41942
7,44159
15,70656
15,66452
12,65435
19,95706
14,71862
0,30219
2,27768
5,41096
13,64185
3,40855
17,81494
14,76460
8,45169
17,77590
2,42770
9,65814
16,85789
6,38123
14,77626
0,25909
10,53896
16,76066
4,41373
6,55111
18,81039
14,74076
2,29670
14,79525
4,42567
11,68029
19,92793
4,40550
2,41338
8,63228
8,62595
6,38972
1,23360
20,82632
15,68190
8,48948
12,71346
18,89554
19,95008
16,80120
5,53140
3,36818
0,25119
17,83953
18,88900
8,44975
12,72265
7,45318
12,58313
14,79171
10,68812
11,61747
13,69301
3,44048
0,33134
3,35664
18,87382
8,54841
9,59427
3,36483
19,78363
8,47959
12,57749
11,53540
10,57634
11,63614
17,81282
11,56958
15,80412
4,35859
19,85050
11,71041
20,86185
10,67423
8,62500
17,85388
2,34876
19,81018
16,77989
13,77208
0,39918
16,76452
7,44571
4,51576
4,41680
8,58318
2,42738
18,79029
8,59668
17,73774
15,81972
0,34048
1,23604
13,69420
13,67365
0,34689
15,81737
14,78014
14,62433
11,64144
15,65867
13,73340
14,73837
14,76291
18,82787
7,41393
1,35056
1,33392
9,59189
2,39141
16,79621
7,59510
3,37330
13,62960
20,80663
9,61533
0,39216
3,43491
0,29265
16,72574
16,87562
6,43546
19,77185
14,80364
12,63808
1,23829
18,93903
12,69560
10,61520
14,73540
9,57677
8,56803
8,57888
19,90234
0,21225
16,73774
11,66043
9,63163
4,34844
17,78347
14,81117
5,38996
6,47690
16,69688
5,49287
7,59831
11,70251
20,92504
13,65952
11,64716
9,62763
19,83084
14,75219
6,48204
8,60097
9,51049
9,50457
15,84612
6,55632
4,49551
2,29490
17,86470
10,66189
14,75162
20,98281
19,88728
4,50563
11,65912
3,34955
14,72162
8,46720
6,48573
9,65327
12,67338
7,52675
11,67371
18,93209
0,33936
15,75019
16,76414
17,72746
10,66913
17,79325
6,49995
17,75486
7,57485
5,49328
6,57112
9,65929
10,68942
12,67233
8,61332
6,47760
8,59702
12,74437
2,26193
2,45343
0,31612
20,99307
19,96623
1,31229
2,30566
14,68595
5,40609
12,75597
20,85108
0,21783
19,87158
18,79831
0,20041
20,91186
1,34561
14,79445
13,68868
18,77689
10,57595
14,76687
5,35325
19,78120
8,60491
4,42870
19,83294
1,28193
5,50213
17,86611
18,88230
8,62423
20,97187
5,45040
13,59766
12,69696
10,53527
11,71690
18,85021
18,91872
20,84129
18,85758
12,74757
13,78693
17,85312
11,64804
3,42777
9,57983
16,74990
3,32983
11,56768
12,57504
3,31450
9,58236
2,44417
14,70002
1,32891
16,74019
5,48898
7,51472
2,41264
17,88691
0,30719
15,65975
6,48248
2,39002
3,43213
8,54618
4,42620
18,77733
14,70551
7,43223
5,51868
17,72428
18,76080
14,75776
6,38695
9,47201
5,47049
13,74628
16,76265
8,56460
18,77477
4,34202
6,53542
18,88624
19,85449
6,49850
1,29317
15,70350
12,58806
7,48163
5,35185
5,43070
8,55545
3,47458
10,66006
4,32201
16,79284
19,82710
6,57549
14,77698
14,64102
13,68102
12,57571
10,55125
12,62697
8,62543
9,61034
3,30329
16,87997
13,67652
17,74699
10,56027
15,83657
0,30667
6,42823
9,56347
8,60881
2,32959
13,72616
14,68210
1,35517
13,71620
15,68976
6,55991
3,37912
17,88658
4,44059
5,35690
6,50344
14,65437
0,22355
3,29749
0,39435
10,62965
17,90948
13,71847
10,55758
9,65088
16,79637
3,35074
14,75378
15,83761
20,94529
12,61274
8,63615
10,64007
10,56409
5,53599
0,26288
5,35885
12,56864
4,38917
14,73686
17,74054
19,85977
13,75199
14,70536
4,47070
3,45937
1,30683
6,55171
9,57011
15,80271
9,55896
17,85582
16,75190
20,89144
12,56814
0,29740
0,22777
14,66958
0,23825
5,52600
12,70800
0,29999
4,44964
8,50772
16,77481
15,80737
7,58246
16,78677
14,64355
0,29157
11,55395
4,32524
5,35561
0,28167
0,36184
9,51664
9,48205
2,38039
16,80393
18,76238
10,67544
17,83987
1,28239
8,56017
16,84455
13,76138
3,38096
16,82814
16,81291
11,55621
19,80190
17,74948
2,27287
10,64590
17,86668
3,30772
16,74200
17,86762
4,35138
13,66213
9,61941
14,64416
0,35964
15,82968
10,51046
19,91909
5,48578
15,83549
1,28719
0,35960
8,61560
11,68598
16,83624
14,68411
18,82074
9,57352
11,68003
13,68223
8,63672
12,68718
2,27315
20,97276
13,78464
20,88936
9,60767
15,71466
6,53185
3,34090
19,81240
10,66795
15,79910
19,79446
3,32346
16,80411
12,72469
10,57749
2,30142
8,60070
5,49187
20,87087
10,65635
15,80807
18,84197
4,44271
13,76187
16,82724
2,35261
3,42479
15,80804
15,77333
20,92827
3,38600
18,85932
16,84648
12,68040
0,39477
11,69127
3,41473
10,66709
4,33206
1,32696
16,81714
7,42440
5,44147
20,96267
8,52746
12,61136
10,61446
15,77331
15,78188
1,28819
9,55069
11,65769
7,59420
10,55560
9,59853
12,66459
16,71629
6,49657
2,31314
19,95840
12,64662
18,91754
6,45629
8,55324
18,91558
12,72494
7,60943
17,77692
1,32218
17,82746
17,86372
10,69617
0,32631
13,60472
15,79599
10,54872
0,30573
6,51691
15,76482
13,63753
14,63833
13,64928
20,88645
10,56816
15,82124
18,81256
16,86764
5,45549
10,65062
16,77635
8,53940
17,73401
16,81111
11,64363
4,44432
10,68390
3,38978
3,46793
2,44146
16,68909
6,38760
3,34612
12,59240
11,53530
0,29551
20,90219
18,90216
20,82560
19,95561
17,76103
10,67921
19,86465
2,28781
16,85330
11,58257
9,65895
7,43188
14,68063
4,47615
3,29881
20,81847
19,83599
18,92359
20,84568
3,45314
14,69163
16,79156
11,64255
2,37320
9,49216
14,67701
9,65992
17,82780
0,30694
2,30809
20,96562
11,67392
0,27771
2,27929
2,40306
4,50932
18,88244
0,20111
3,40411
3,46098
16,79116
13,74707
17,88765
0,23127
15,78100
2,37203
20,81208
8,55317
3,29036
20,98212
4,43252
10,69725
20,87006
8,59067
2,31347
5,35809
10,54118
8,61910
14,75083
2,42879
0,33187
19,77424
18,93131
13,60982
16,85852
13,74918
16,83398
13,70992
11,54233
15,74989
0,34546
12,64756
5,38019
16,69304
11,67144
18,90516
5,51832
6,48022
0,30350
0,31818
4,32849
5,38962
15,69854
15,66539
13,77283
0,22944
12,59244
19,90255
9,48591
9,62768
8,51855
12,74511
2,27601
17,83809
19,94606
1,28690
16,80521
18,75842
12,66483
12,64058
0,33704
1,28565
0,31088
4,36488
2,34906
6,39927
12,71512
17,79301
20,88457
6,43492
0,23223
4,32954
16,77541
7,56007
14,63574
19,92674
3,44426
1,30095
4,44023
0,23255
4,33058
5,36957
1,27944
0,25058
3,31519
6,49845
0,22570
0,27450
7,48703
19,92898
15,79389
20,95414
12,56744
17,74514
19,96314
9,57871
11,66536
0,20175
9,63949
8,47217
2,41106
18,87696
8,53586
9,52802
18,81034
15,81263
17,80412
13,76331
2,34776
1,34054
0,29812
17,90739
8,63575
12,67399
1,37963
6,48768
15,65531
20,97615
18,92081
14,81754
10,67929
0,31357
20,81437
6,43502
19,84608
7,46566
9,55808
4,36014
8,62640
0,39694
1,36613
18,81399
13,59931
19,95713
9,63777
8,46465
9,66661
5,50623
16,82008
5,43817
3,34988
19,84509
2,38849
18,85071
17,85081
3,42228
7,52614
16,78301
4,34781
12,66083
0,31374
12,57639
3,42838
13,67973
2,39982
4,44884
6,48248
0,30515
11,55274
10,60830
7,43480
5,41799
1,31547
18,88328
19,89679
19,90928
13,78906
0,30659
9,53104
15,81547
3,41925
10,53381
15,67064
19,83589
0,27447
15,65339
18,93974
20,85130
8,51733
8,57110
8,49049
16,78318
11,65633
12,71608
7,41638
15,72709
17,76143
0,21224
0,34466
11,68279
5,47102
8,48245
4,41741
15,72407
17,85790
16,83642
17,80567
0,28859
18,79768
7,59758
2,43399
4,32335
7,53953
18,89330
17,87464
17,73134
20,96641
0,20184
14,78506
17,79056
6,45263
15,78191
15,68514
14,68077
5,52778
8,46352
6,53716
13,68500
10,64992
20,90133
15,71405
5,51874
15,82438
19,94085
15,67934
11,67347
16,81502
4,45711
12,69848
7,55426
4,36695
11,69203
8,59860
2,40097
2,40636
0,28843
17,87800
11,68573
8,49566
8,49999
17,74866
17,79937
6,40002
3,45623
12,74328
16,77047
1,38925
13,78578
2,38707
4,42790
13,74301
2,41596
6,39353
17,81227
12,75264
9,62828
12,73063
15,73678
8,56910
1,29864
4,46716
16,85868
3,44150
16,85074
8,50125
19,86204
1,25347
17,85743
20,83708
10,60114
12,56637
7,46866
0,23008
16,84251
11,58600
3,40649
20,91366
12,67880
8,61783
6,55889
4,40441
4,37320
16,76727
8,55724
5,41443
18,93933
15,78394
20,86952
1,31649
9,66122
15,68369
4,39983
14,73888
12,75795
12,61635
12,60069
14,68251
13,70579
7,60569
10,69622
17,76737
3,38439
9,49573
0,20125
4,41421
12,67403
0,21306
7,43101
2,40681
2,26135
6,45311
3,46843
2,26812
14,72130
7,58254
2,41227
6,51760
17,79826
10,63939
10,50668
16,85677
5,43460
7,49673
0,23390
9,56453
18,89904
2,41396
3,33334
10,66285
14,64235
0,25019
8,62961
10,50675
18,92823
12,65873
15,70587
3,34945
0,24767
19,84004
